ID,SEASON,W_WS_LOC,HW_TOTAL,HW_WORRY,HW_INTERR,HW_CLOTHES,HW_PLANS,HW_FOOD,HW_HANDS,HW_BODY,HW_DRINK,HW_ANGRY,HW_SLEEP,HW_NONE,HW_SHAME,HW_INFO,PSS1,PSS2,PSS3,PSS4,PSS5,PSS6,PSS7,PSS8,PSS9,PSS10,PSS11,PSS12,PSS13,PSS14,PSS_INFO
1,Oct-Dec,WI,NA,2,0,0,0,0,0,0,0,1,0,1,0,,2,3,2,4,3,2,2,1,2,3,1,4,2,1,13-18=-5
2,Oct-Dec,WI,NA,0,0,0,0,0,0,1,0,2,0,2,0,,2,2,3,3,3,4,3,2,3,2,2,4,3,2,17-21=-4
3,Oct-Dec,WI,NA,0,0,0,0,0,0,0,0,1,0,0,0,,2,2,2,2,2,3,3,2,3,2,2,2,3,2,0
4,Oct-Dec,WI,NA,0,0,0,0,0,0,0,0,1,0,0,1,6: pasa en los parques pueblos donde no hay agua 9: cuando su esposo a la marcha 12: x que ya todos saben que no hay agua,2,3,2,3,3,3,3,1,3,2,2,2,3,1,"13-20=-7, Revisar!"
5,Oct-Dec,WI,NA,2,1,1,1,1,0,1,0,1,0,3,1,,2,2,3,2,2,2,3,2,2,1,3,3,2,3,18-14= 4
6,Oct-Dec,WI,NA,1,1,2,1,3,1,1,0,1,0,2,2,,2,2,3,2,3,3,4,1,3,3,2,3,1,2,-4
7,Oct-Dec,WI,NA,0,1,1,1,1,1,1,0,1,0,1,1,,2,2,2,2,3,2,2,2,2,2,2,2,2,2,puntaje total: -1
8,Oct-Dec,WI,NA,2,2,2,0,0,2,0,0,0,0,0,0,,2,1,3,3,3,2,3,1,3,3,4,2,2,2,14-19= -5
9,Oct-Dec,WI,NA,0,2,0,0,0,0,0,0,1,0,0,0,,2,3,2,3,2,2,2,3,3,2,2,2,2,2,16-16=0
10,Oct-Dec,WI,NA,2,2,2,0,0,0,0,0,0,0,0,0,Total (6) sub-total emociones (2),1,2,1,3,3,3,3,2,3,0,2,3,3,2,puntaje total= -5
11,Oct-Dec,WI,NA,1,0,0,1,1,0,2,0,3,0,3,0,Total (11) sub total emociones (4),3,3,4,4,2,1,2,3,3,1,4,3,4,1,puntaje total: 4
12,Oct-Dec,WI,NA,1,1,0,0,0,0,0,0,1,0,1,1,Total (5) sub-total (3),3,4,4,1,2,2,2,2,2,1,4,3,2,4,puntaje total: 12
13,Oct-Dec,WI,NA,1,1,0,1,0,0,0,0,0,1,1,0,total (5) sub total (1),4,3,4,4,2,3,4,2,1,1,3,3,2,3,puntaje total= 5
14,Oct-Dec,WI,NA,1,2,0,0,0,0,0,0,0,0,0,0,Total (3) sub total (1),2,2,2,3,3,3,3,2,3,3,2,2,3,1,puntaje totale= -8
15,Oct-Dec,WI,NA,0,0,1,0,0,0,0,0,0,0,0,0,total (1) sub-total (0),3,3,3,2,2,2,1,2,1,1,3,3,2,3,puntaje total 9
16,Oct-Dec,WI,NA,3,2,2,0,1,0,3,0,3,0,3,2,"El agua huele muy feo, me cambie de casa por eso. Nos banamos con esa agua sucia ",3,3,2,2,1,3,3,1,2,2,2,3,2,4,puntaje total: 3
17,Oct-Dec,WI,NA,1,1,2,1,0,0,1,0,0,0,0,0,total (6) sub total (1),2,0,2,3,3,3,3,2,3,2,2,3,3,3,puntaje total= -6
18,Oct-Dec,WI,NA,0,1,1,0,0,0,0,1,2,1,1,0,total (7) sub-total (2),2,1,2,3,2,2,2,3,2,2,3,3,1,2,puntaje total: 16-14=2
19,Oct-Dec,WI,NA,1,1,2,1,0,0,1,0,0,0,2,0,total (8) sub-total (1),1,3,3,3,2,2,2,3,2,3,3,3,3,2,puntaje total:1
20,Oct-Dec,WI,NA,2,2,1,2,1,0,2,1,2,0,0,1,"diario, 6 am a 12 pm",1,2,4,2,1,3,3,2,3,2,3,3,2,2,
21,Oct-Dec,WI,NA,0,0,0,0,0,0,0,0,1,0,0,0,,2,2,2,3,2,4,3,2,3,2,2,2,2,2,
22,Oct-Dec,WI,NA,1,2,1,2,2,0,1,1,3,1,1,1,,4,3,4,2,2,3,3,2,3,4,3,4,3,3,
23,Oct-Dec,WI,NA,2,1,2,3,2,2,3,3,3,0,3,3,,0,2,3,3,3,2,2,2,3,2,3,2,2,3,
24,Oct-Dec,WI,NA,1,3,2,1,1,2,1,0,1,0,1,0,,0,0,2,4,3,4,4,4,4,2,2,2,4,1,
25,Oct-Dec,WI,NA,2,2,1,1,2,0,0,0,0,0,0,0,,1,2,4,2,3,2,3,3,2,1,4,4,3,4,
26,Oct-Dec,WI,NA,2,3,1,2,3,1,1,1,2,0,1,0,,1,2,1,4,1,1,4,2,1,2,3,4,4,1,
27,Oct-Dec,WI,NA,1,2,1,1,2,0,1,1,1,0,1,1,total (12) subtotal emociones (3),2,1,3,2,2,4,4,3,3,3,4,3,2,1,-3
28,Oct-Dec,WI,NA,0,0,0,0,0,0,0,0,0,0,0,0,,2,3,3,3,3,4,3,2,3,3,3,3,2,3,
29,Oct-Dec,WI,NA,1,2,2,1,1,0,1,0,1,0,2,1,,0,2,2,2,3,3,4,1,3,3,1,1,3,1,
30,Oct-Dec,WI,NA,2,3,3,3,0,0,0,0,2,1,3,0,,1,3,3,3,2,3,2,2,3,0,2,4,3,2,
31,Oct-Dec,WI,NA,3,1,1,3,1,2,1,0,1,1,3,1,total (18) sub total (5),1,2,4,2,3,2,2,2,2,2,0,2,3,2,puntaje total: 1
32,Oct-Dec,WI,NA,2,3,2,3,0,0,2,1,3,1,2,0,"total= 19, sub-total= 5 ",0,2,2,2,2,3,3,2,2,0,2,3,2,3,puntaje= 0
33,Oct-Dec,WI,NA,1,3,1,2,1,1,1,1,2,1,0,0,,2,3,3,2,2,3,2,3,2,0,4,4,2,2,
34,Oct-Dec,WI,NA,1,2,1,2,0,0,1,1,0,1,2,2,"vecina, no les dan agua cuando les falta proteger mucho su agua ",2,3,2,2,2,1,2,2,2,3,3,3,2,3,puntaje= 4
35,Oct-Dec,WI,NA,0,0,0,0,0,0,0,0,1,,0,0,,1,1,2,3,3,4,3,1,3,2,2,2,3,2,puntaje= -10
36,Oct-Dec,WI,NA,0,0,0,0,0,0,0,0,1,0,0,0,Enojo- suciedad,0,2,2,3,3,3,3,2,3,2,1,2,2,1,puntaje= -9
37,Oct-Dec,WI,NA,1,0,0,0,0,0,0,0,0,1,0,0,"total= 2, sub= 1 ",,,,,0,0,,,,,,,,,PSS-14 not filled out for 037
38,Oct-Dec,WI,NA,0,0,0,0,2,0,0,0,3,0,0,0,"total= 5 , sub= 4 ",0,2,1,1,3,3,3,2,2,3,2,2,2,2,puntaje= -6
39,Oct-Dec,WI,NA,2,2,3,2,1,1,2,1,2,0,2,2,"total= 20, sub=6",2,2,3,3,3,2,2,2,2,2,4,4,3,2,puntaje=2
40,Oct-Dec,WI,NA,2,2,3,1,2,2,2,1,2,0,2,3,,0,1,1,2,3,1,2,2,3,2,1,1,4,1,
41,Oct-Dec,WS,NA,0,0,0,0,0,0,0,0,0,0,0,0,,4,2,3,3,4,3,4,3,3,2,1,2,3,2,
42,Oct-Dec,WS,NA,0,0,0,0,0,0,0,0,0,0,0,0,,4,4,4,3,3,4,2,1,3,2,3,2,3,2,
43,Oct-Dec,WS,NA,1,1,1,1,2,0,0,1,1,0,2,0,"Alimentos: tienen que bajar a cocinar pero no cambia plan
Enojo: ella se desespera
si se acaba garrafon te quedas sin beber despues de las 6 hasta 10-11 am dia siguiente",3,2,4,2,2,2,2,3,3,2,3,3,3,4,3: a veces me duermo con anciedad
44,Oct-Dec,WS,NA,0,0,0,0,0,0,0,0,0,0,0,0,,2,2,2,3,4,4,4,2,2,2,4,4,4,2,
45,Oct-Dec,WI,NA,1,2,1,2,0,0,0,0,1,0,0,0,,4,2,4,3,4,3,2,3,2,2,3,3,2,2,
46,Oct-Dec,WI,NA,0,2,1,3,0,0,0,0,3,0,3,1,,2,2,2,3,3,3,4,2,3,1,0,3,4,0,
47,Oct-Dec,WS,NA,0,1,0,0,0,0,0,1,0,0,0,0,Bebida: 2 veces no hubo agua de garrafon,2,1,2,4,3,4,3,4,3,2,2,3,3,1,
48,Oct-Dec,WS,NA,0,0,0,1,0,0,1,0,,0,0,0,"Planes: En la semana anterior tuvo poca presion como todo 1 dia porque arreglaron una bomba.
Cuerpo: A su esposo le salio agua sucia cuando se banio.",2,2,2,3,3,3,3,2,3,2,2,2,2,2,
49,Oct-Dec,WS,NA,0,0,0,0,0,0,0,0,0,0,0,0,,1,2,2,3,2,3,2,2,2,1,0,2,3,0,
50,Oct-Dec,WS,NA,1,0,0,0,0,0,0,1,0,0,0,0,,3,4,3,3,2,3,2,3,2,2,3,4,3,3,
51,Oct-Dec,WS,NA,0,1,1,0,0,0,0,0,1,0,0,0,Cuando queda agua p/laver la cisterna. Quteren el agua 2 veces y no avisaron la quteron 2 hrs y fue molesto para ellos,4,4,4,2,1,2,1,4,1,0,4,4,2,4,
52,Oct-Dec,WI,NA,1,2,1,1,2,0,1,1,2,1,1,0,,3,4,3,2,3,2,3,2,2,4,3,4,2,2,
53,Oct-Dec,WI,NA,0,1,0,0,0,0,0,0,0,0,3,0,,2,2,2,1,2,3,3,3,2,3,3,2,3,4,
54,Oct-Dec,WI,NA,0,0,1,0,0,0,0,1,0,0,1,0,Para bebida--se olvide ira buscar agua,2,2,2,2,2,2,3,2,3,2,2,2,2,2,
55,Oct-Dec,WI,NA,1,2,2,1,0,0,1,0,1,0,0,0,,3,4,4,1,2,1,2,4,2,1,4,4,1,4,
56,Oct-Dec,WI,NA,1,2,3,2,0,0,0,0,2,0,0,1,5-hay que comprar garrafon,3,3,4,2,2,1,2,3,1,1,3,3,1,3,
57,Oct-Dec,WI,NA,3,2,2,2,2,0,1,0,0,0,0,0,,2,3,4,2,2,4,2,2,3,3,2,4,3,4,
58,Oct-Dec,WI,NA,0,0,1,0,0,0,1,0,1,0,2,0,,2,2,3,4,4,4,3,2,2,4,3,2,4,2,
59,Oct-Dec,WI,NA,0,1,0,0,1,0,0,1,2,0,2,0,Enojo--costo,1,1,3,4,4,3,2,2,3,2,2,3,3,2,
60,Oct-Dec,WI,NA,0,0,0,0,0,0,0,0,2,0,0,0,Enojo: -fin de semana; vecino lava su banqueta y carro; les molesta; le han dicho y es grosero,2,1,2,3,2,3,2,2,3,1,1,4,2,2,
61,Oct-Dec,WI,NA,0,0,0,1,0,0,1,0,1,0,0,0,"4. Si llega tarde, mover planes para mas tarde. Llega tarde a trabajo y escuela.
7. Si no la mandan
9. Cuando cortan sin avisar.",3,4,3,2,2,3,4,3,2,0,1,3,2,3,
62,Oct-Dec,WI,NA,1,1,0,1,0,0,1,0,2,0,3,0,2) 10-11 llega a interrumpir,1,2,4,2,2,3,3,3,3,1,4,3,2,1,
63,Oct-Dec,WI,NA,1,0,1,0,1,0,1,1,0,1,3,,,2,3,3,2,3,3,2,2,3,2,3,2,1,2,
64,Oct-Dec,WI,NA,1,1,0,1,0,0,0,0,1,0,3,2,,3,4,3,2,3,4,2,3,3,2,3,1,2,3,
65,Oct-Dec,WI,NA,1,3,1,1,0,0,0,1,3,0,1,0,,4,4,3,2,2,1,4,3,2,1,4,3,2,3,
66,Oct-Dec,WI,NA,0,0,0,0,0,0,0,0,0,0,0,0,,2,2,3,4,4,3,2,1,3,2,3,2,2,1,
67,Oct-Dec,WI,NA,1,1,0,1,0,0,0,0,0,0,0,0,,0,0,4,4,3,3,3,2,3,2,1,4,3,1,
68,Oct-Dec,WI,NA,2,1,1,3,0,0,2,0,1,0,2,0,,2,2,3,2,2,2,3,3,2,2,3,3,2,2,
69,Oct-Dec,WI,NA,2,1,2,1,0,0,0,0,2,0,0,0,,3,1,4,1,1,3,3,1,2,3,3,3,2,4,
70,Oct-Dec,WI,NA,3,1,0,0,0,0,0,0,0,0,0,0,,1,2,2,3,4,3,3,1,3,2,1,3,2,1,
71,Oct-Dec,WS,NA,0,1,0,0,0,0,0,0,0,0,0,0,,3,2,3,3,3,4,2,2,2,2,3,3,3,2,
72,Oct-Dec,WS,NA,0,0,0,0,0,0,0,1,1,0,0,0,8 (bebida)--porque no se pidio el garaffon,0,1,2,2,1,1,3,1,3,3,1,1,1,2,
73,Oct-Dec,WI,NA,0,0,0,0,0,0,0,0,1,0,0,0,Enojo-vecinos que usaban mucha agua,3,2,4,2,2,2,2,3,2,1,2,2,3,4,
74,Oct-Dec,WI,NA,0,0,0,0,0,0,0,0,0,0,0,0,,2,2,4,2,2,4,2,2,2,0,2,4,2,1,
75,Oct-Dec,WI,NA,1,1,1,1,1,0,0,0,2,0,1,0,,4,3,4,3,2,2,2,2,2,2,3,3,2,3,
76,Oct-Dec,WS,NA,0,0,0,0,0,0,0,0,0,0,0,0,,0,3,3,4,3,3,3,1,3,3,1,1,4,1,
77,Oct-Dec,WS,NA,0,0,0,0,0,0,0,0,0,0,0,0,8– se le a cabe garrafon-can a tienda x galoncitos de agua—marca,3,2,4,3,3,4,2,2,2,2,3,4,3,1,
78,Oct-Dec,WS,NA,0,0,0,0,0,0,0,0,0,0,0,0,,0,2,4,2,3,4,4,2,3,2,2,2,4,2,
79,Oct-Dec,WS,NA,0,0,0,0,0,0,0,0,0,0,0,0,,0,0,1,4,4,4,4,0,4,3,3,4,3,1,
80,Oct-Dec,WS,NA,1,0,0,0,0,0,0,0,0,0,0,0,7) Cuerpo: A veces se les acaban garrafones --> caro. Se compran garrafon mas pequenio--scarch--> mas barata,4,1,4,3,3,4,3,3,3,3,2,4,2,1,"1. Aplican a universidad-noviembre empezo clases
11. triste"
81,Oct-Dec,WS,NA,0,0,0,0,0,0,0,0,1,0,0,0,"9) Enojo: aviso de corte. Cambia forma de hacer cosas.
Garrafon- estan pendientes--comida hija
Aviso corte- cambiaron rutinas para prepararse",2,1,2,4,3,4,4,1,4,3,2,1,3,1,
82,Oct-Dec,WS,NA,0,1,0,0,0,0,0,1,2,0,2,0,"2) Interrupcion: se descompiesa tuberia-fuera-llegaba poco-normal si no lo lavaron
9) Enojo: por tuberia y por mala calidad
11) Ninguno: dia muy feo",4,3,3,3,4,3,2,3,3,3,3,2,2,3,
83,Oct-Dec,WS,NA,0,1,0,0,0,0,0,1,3,0,,0,"8) garrafones se acaban
9) calidad",2,2,3,3,2,3,4,1,3,2,1,2,4,1,
84,Oct-Dec,WS,NA,1,1,0,0,0,0,0,2,0,1,0,0,8) se acaba garrafon muy rapido. tuvieron que ir lejos a llenar,3,4,4,2,2,2,2,3,2,2,4,4,2,3,
85,Oct-Dec,WS,NA,0,0,0,0,0,0,0,0,1,0,0,0,,2,4,4,2,2,3,2,2,3,2,3,2,0,2,
86,Oct-Dec,WS,NA,1,2,0,0,0,0,0,0,1,0,0,0,,3,1,3,3,4,4,2,1,4,2,3,2,3,1,
87,Oct-Dec,WS,NA,2,3,2,2,1,2,2,1,3,2,2,1,,3,3,4,1,2,1,2,4,4,2,3,2,2,4,
88,Oct-Dec,WS,NA,1,2,2,2,2,0,2,0,1,0,1,0,,2,1,3,3,4,3,4,3,3,3,4,4,3,3,"puntaje total somado= 43
puntaje total resta= ?"
89,Oct-Dec,WS,NA,1,0,1,0,0,1,0,2,2,0,1,0,,1,3,4,3,2,2,2,2,3,2,2,3,,0,
90,Oct-Dec,WS,NA,0,0,0,0,0,1,0,0,0,0,0,1,"total= 2 , sub= 1 ",1,2,2,1,3,3,3,2,3,3,2,3,2,2,puntaje=-4
91,Oct-Dec,WS,NA,1,2,0,2,0,0,1,0,1,0,0,0,"total= 7, sub= 2",2,2,3,3,4,3,3,2,2,2,3,3,3,2,puntaje= -3
92,Oct-Dec,WS,NA,0,1,0,0,0,0,0,0,2,0,0,0,"total= 3, sub=2 ",0,2,2,2,0,4,4,1,4,4,1,2,3,1,puntaje= -12
93,Oct-Dec,WS,NA,1,2,0,1,0,0,0,0,1,0,0,0,"total= 5, sub=1 ",3,3,4,2,1,2,2,2,2,2,2,3,3,1,puntaje= 4
94,Oct-Dec,WS,NA,0,1,0,0,0,0,0,1,1,0,0,1,"total= 4, sub= 2 ",3,3,4,4,4,4,1,4,3,1,4,4,4,4,total= 5
95,Oct-Dec,WS,NA,1,1,0,1,0,0,0,0,1,0,0,0,"total= 4, sub= 2 (planes) ",2,4,4,2,2,3,2,4,2,3,4,4,3,4,total= 9
96,Oct-Dec,WS,NA,0,0,0,0,0,0,0,0,0,0,0,0,"total= 0, sub=0 ",0,2,4,3,2,2,2,3,2,3,4,3,4,2,total=0
97,Oct-Dec,WS,NA,0,0,0,0,0,0,0,0,0,0,0,0,"total=0, sub=0 ",2,2,4,2,3,2,2,2,2,2,4,4,3,3,total= 5
98,Oct-Dec,WS,NA,0,1,2,0,0,0,0,1,1,1,0,1,"12) Dicen que agua de... sabe raro, Huele rara, no sabe bueno ",2,3,4,2,2,1,2,4,2,1,3,4,1,2,total=11
99,Oct-Dec,WS,NA,1,3,1,0,0,0,0,1,1,1,1,0,"total=9, sub= 2",2,2,1,3,3,3,3,1,3,2,2,3,3,0,puntaje: -9
100,Oct-Dec,WS,NA,0,0,1,0,0,0,0,0,1,0,0,0,"Planes--cambiar horario-baniarse al mismo tiempo-no mas reguedera y falta agua

Enojo-calidad",2,2,2,3,3,3,3,2,3,3,2,3,3,2,
101,Oct-Dec,WS,NA,2,3,1,1,0,0,3,3,2,1,2,2,,4,2,4,4,4,4,3,3,3,3,4,4,2,2,
102,Oct-Dec,WS,NA,2,1,2,2,0,0,1,0,1,0,0,0,,2,2,4,0,2,4,4,1,3,2,4,3,3,3,
103,Oct-Dec,WS,NA,1,1,2,0,1,0,1,0,1,0,1,0,5) Alimentos: Se usa agua del garrafon y ese dia no hubo,2,2,2,3,2,2,2,3,2,2,3,2,3,3,
104,Oct-Dec,WS,NA,0,1,0,0,0,0,0,0,0,0,0,0,,2,1,3,2,3,4,4,0,3,3,2,4,3,3,
105,Oct-Dec,WS,NA,0,0,0,0,0,0,0,0,0,0,0,0,,4,4,4,3,2,2,2,3,2,1,3,4,1,4,
106,Oct-Dec,WS,NA,1,2,0,2,0,0,1,0,1,0,3,0,,2,3,2,2,3,2,2,2,3,1,3,2,1,2,
107,Oct-Dec,WS,NA,3,3,1,2,1,0,0,0,1,0,0,0,Bebida-siempre hay porque la compran,4,4,3,2,3,4,2,2,4,4,3,4,3,4,
108,Oct-Dec,WS,NA,3,2,3,2,1,0,0,0,1,0,1,0,,2,3,3,2,2,4,3,2,2,2,2,4,2,2,
109,Oct-Dec,WS,NA,1,0,1,3,1,0,1,0,1,0,0,0,Bebida-tio de al lado venda garrafon,1,2,2,1,4,1,1,2,2,2,2,4,4,3,
110,Oct-Dec,WS,NA,0,0,0,0,1,0,0,1,0,1,1,0,5) Alimentos: Quedaron sin agua el sabado.,4,4,4,4,4,4,1,4,4,1,4,4,4,4,
111,Oct-Dec,WS,NA,3,2,1,0,3,2,1,0,1,0,3,0,,3,2,4,4,3,4,3,2,2,1,3,4,2,0,
112,Oct-Dec,WS,NA,1,0,0,0,0,0,0,0,0,0,0,0,,2,3,1,2,2,2,2,1,2,3,1,1,3,2,
113,Oct-Dec,WS,NA,1,1,1,2,0,0,0,0,1,0,0,0,,2,1,2,3,3,3,3,2,4,4,2,2,3,0,
114,Oct-Dec,WS,NA,0,1,1,0,0,0,0,0,0,0,0,0,,2,1,2,3,2,3,3,2,3,2,3,4,2,2,
115,Oct-Dec,WS,NA,1,1,2,0,0,0,0,0,1,0,0,0,3) Ropa: Por eso lavanderia. Ya no compran otro lavadora; no es tan caro // usa mucho agua.,3,3,4,3,2,2,2,3,2,1,3,4,2,3,
116,Oct-Dec,WS,NA,3,2,0,0,0,0,1,0,0,0,0,0,,3,3,4,3,2,3,2,2,2,2,4,4,3,4,
117,Oct-Dec,WS,NA,1,0,1,0,0,0,0,0,0,0,0,0,"8) Bebida: Si se acaba, usa maquinita. Siempre abierto --> esta mas barato.",3,3,3,3,3,3,2,3,3,4,3,3,2,3,
118,Oct-Dec,WS,NA,0,0,0,1,1,0,1,0,1,0,1,0,"4) Planes: estaba muy sucia.
5) Alimentos: porque estaba sucia.",2,3,3,3,3,1,3,1,3,1,4,3,1,2,
119,Oct-Dec,WS,NA,1,2,1,1,1,0,0,1,1,1,1,0,10) Suenio: Se acaba garrafon.,4,4,4,1,2,2,1,2,2,1,3,3,3,3,escrito debajo de puntaje total: enfermedad 3 meses
120,Oct-Dec,WS,NA,0,0,0,2,1,0,1,0,0,0,0,0,,2,3,4,1,2,2,3,1,2,2,2,3,2,3,
121,Oct-Dec,WS,NA,1,0,0,0,0,0,0,1,0,1,1,0,,1,2,2,2,2,3,2,2,3,4,4,4,2,4,
122,Oct-Dec,WS,NA,0,1,1,1,0,0,0,0,0,0,1,0,,1,0,1,3,3,3,3,1,3,2,2,2,3,1,
123,Oct-Dec,WS,NA,0,1,0,0,0,0,0,0,1,0,0,0,,2,2,2,3,3,3,3,2,3,3,1,2,3,1,
124,Oct-Dec,WS,NA,3,3,0,3,0,0,0,2,0,0,0,0,1) a veces 2) nunca habido buena prison 4) la presion: escuchar el avdeo? p/ ejemplos 9) a veces,2,2,4,4,3,4,3,1,3,2,2,4,4,1,
125,Oct-Dec,WS,NA,0,0,0,0,0,0,0,0,0,0,0,0,,3,3,4,0,1,2,0,2,3,2,4,4,4,4,
126,Oct-Dec,WS,NA,0,0,0,0,0,0,0,0,0,0,0,0,,4,4,4,3,3,2,1,4,3,2,4,3,3,4,
127,Oct-Dec,WS,NA,0,0,0,0,0,0,0,0,0,0,0,0,,3,4,4,2,2,2,2,3,2,2,4,4,3,3,
128,Oct-Dec,WS,NA,3,2,1,1,0,0,0,0,1,0,2,0,,4,1,4,3,4,4,2,2,4,3,1,3,4,1,
129,Oct-Dec,WS,NA,0,0,0,1,0,0,1,1,1,0,0,0,,3,2,4,2,1,0,2,4,3,0,1,4,2,2,
130,Oct-Dec,WS,NA,0,1,1,0,0,0,0,0,1,0,1,0,,1,1,2,3,3,2,3,2,3,2,2,4,3,2,
131,Oct-Dec,WS,NA,3,2,1,1,1,0,1,1,2,1,1,0,,0,3,4,2,2,3,1,1,3,4,4,3,4,4,
132,Oct-Dec,WS,NA,0,0,0,0,0,0,0,0,0,0,3,0,,1,1,2,4,4,3,3,1,3,4,1,2,2,1,
133,Oct-Dec,WS,NA,1,0,0,0,0,0,0,1,0,0,0,0,Bebida-cuando no pasa el vendedor de agua,1,1,4,0,3,3,2,2,3,4,1,4,1,1,
134,Oct-Dec,WS,NA,1,2,0,0,0,0,0,0,0,1,0,0,,2,3,2,2,2,4,3,2,2,4,4,4,2,2,
135,Oct-Dec,WS,NA,0,2,0,0,0,0,0,0,0,0,0,1,,2,2,2,3,3,2,3,2,3,2,1,3,2,1,
136,Oct-Dec,WS,NA,1,1,1,0,0,0,0,1,0,0,1,0,Bebida-se acaba garrafon,2,0,2,2,1,2,2,1,2,1,3,2,3,2,
137,Oct-Dec,WS,NA,0,1,1,0,0,1,1,0,1,0,0,0,,1,2,3,4,3,4,4,2,3,4,4,3,3,1,
138,Oct-Dec,WS,NA,2,2,3,3,2,0,3,0,3,0,0,0,,4,4,4,3,4,2,3,4,4,4,4,3,4,4,"Hay un ? de preguntas 9 y 10, no es claro si los dos son ""4"" o si solo uno y el otro no tenia una repuesta"
139,Oct-Dec,WS,NA,0,1,0,0,0,0,1,1,1,0,0,1,Vergüenza - le hace sentir que gente mar de lo que dese,2,3,3,2,3,2,2,3,4,2,4,3,2,3,
140,Oct-Dec,WS,NA,0,1,0,0,0,0,0,0,1,0,1,0,"8) Bebida: tienen purificadora 24 horas --> maquinita --> 1 anio. A veces purificadora acaba el agua.
11) Ninguno: si esta especial % sucia--> no lavan ropa blanca.",2,1,2,3,3,3,3,1,3,2,2,4,3,1,
141,Oct-Dec,WS,NA,0,1,1,2,1,2,2,0,3,0,1,0,,3,4,3,1,1,1,1,2,2,1,3,3,2,3,
142,Oct-Dec,WS,NA,1,2,3,1,1,1,2,2,3,0,2,0,,4,2,3,2,3,4,2,2,3,2,3,3,3,2,
143,Oct-Dec,WS,NA,1,0,0,0,0,0,0,1,1,0,1,0,,2,2,2,2,1,4,2,2,3,2,2,2,4,1,
144,Oct-Dec,WS,NA,0,1,0,0,0,0,0,1,0,1,0,0,,0,4,4,2,2,2,3,0,3,2,4,4,3,3,
145,Oct-Dec,WS,NA,1,2,1,0,0,0,0,0,0,0,2,0,,2,3,4,3,3,3,3,2,3,2,3,3,2,4,
146,Oct-Dec,WS,NA,0,0,0,0,0,0,0,0,0,0,0,0,,3,3,3,2,2,2,4,3,3,2,4,3,3,4,
147,Oct-Dec,WS,NA,0,0,0,0,0,0,3,0,0,0,2,0,"5) Alimentos: No utilize el agua del suministro o publico para lavar alimentos.
7) Porque el agua estaba muy sucia.",0,1,3,4,4,3,3,2,3,2,1,4,2,1,
148,Oct-Dec,WS,NA,0,0,0,0,0,0,0,0,1,0,0,0,9) Enojo: la de beber robo garrafon -- suegra,2,1,4,4,4,3,4,2,4,2,4,1,4,1,
149,Oct-Dec,WS,NA,3,3,2,2,2,0,1,0,3,0,1,0,,4,2,4,3,2,3,3,1,2,2,4,4,2,1,
150,Oct-Dec,WS,NA,0,0,0,0,0,0,0,1,1,0,0,0,,2,4,3,3,4,4,4,3,3,2,3,2,2,3,
151,Oct-Dec,WS,NA,1,0,2,0,0,1,1,0,1,0,0,0,,2,3,2,2,2,2,2,2,2,3,2,2,2,2,
152,Oct-Dec,WS,NA,3,2,1,1,0,0,1,1,3,0,1,0,,3,2,3,3,3,4,2,2,3,3,3,4,3,4,
153,Oct-Dec,WS,NA,2,1,2,1,0,0,2,2,2,2,0,0,,3,3,4,3,4,4,4,1,4,2,2,4,4,1,
154,Oct-Dec,WS,NA,2,3,1,1,0,0,0,0,1,0,0,0,,2,0,2,3,2,3,2,2,3,3,2,2,2,2,"For # 9 and #10 both have a score of 3... note of : ""?!"" "
155,Oct-Dec,WS,NA,1,3,3,0,1,0,0,0,2,0,2,0,,0,1,3,2,4,4,2,1,2,2,2,2,2,3,
156,Oct-Dec,WS,NA,2,1,2,3,0,0,0,0,0,0,0,0,,2,1,4,2,1,2,3,4,2,3,4,1,1,2,
157,Oct-Dec,WS,NA,2,2,1,1,0,0,0,0,1,0,1,0,,2,2,3,3,3,2,3,2,3,2,2,4,3,1,
158,Oct-Dec,WS,NA,3,2,2,2,0,0,0,0,0,0,0,0,,3,3,3,2,4,4,3,3,4,3,3,3,4,3,
159,Oct-Dec,WS,NA,1,1,1,0,0,0,0,0,1,0,1,0,,4,4,4,2,2,2,2,4,2,0,4,4,1,3,
160,Oct-Dec,WS,NA,0,2,0,0,0,0,0,0,0,0,0,0,,1,1,3,4,4,4,4,1,4,3,1,3,2,0,
161,Oct-Dec,WS,NA,1,2,1,1,0,0,2,0,2,0,0,0,,1,2,2,3,3,4,3,2,3,2,2,3,1,2,
162,Oct-Dec,WS,NA,1,2,0,0,0,0,1,0,1,0,1,0,,2,0,2,3,3,3,3,1,2,2,1,3,2,1,
163,Oct-Dec,WS,NA,0,1,0,0,0,0,0,0,0,0,0,0,,3,3,3,4,3,3,2,2,3,2,4,4,2,3,
165,Oct-Dec,WS,NA,0,1,0,1,0,0,0,0,0,0,0,0,Planes -- No podia lavar el dia que corresponde. Les llego menos. // Les llego menos x que se estaban llevando agua de pozo en pipa--esto paso x 3 semanas. Se estaban robando y disminuyo y se dieron cuenta,0,2,3,2,2,2,3,2,2,2,2,2,2,2,
166,Oct-Dec,WI,NA,0,1,1,3,0,0,1,0,2,1,2,0,1--deja de hacer la corda,3,3,3,2,2,2,2,1,2,1,2,1,3,3,
167,Oct-Dec,WI,NA,2,2,2,1,1,1,1,1,1,1,2,1,,2,2,1,2,2,2,2,2,2,2,2,3,3,2,
168,Oct-Dec,WI,NA,2,2,1,2,1,0,0,0,0,0,0,,No hay una repuesta para el final pregunta (vergüenza),2,2,2,3,3,3,3,3,2,3,2,1,3,2,
169,Oct-Dec,WI,NA,1,3,1,0,0,1,0,0,1,0,1,0,Alimentos--porque solo utilizan agua de garrafon,1,2,1,,3,3,3,1,3,3,1,1,3,0,Falta numero 4
170,Oct-Dec,WI,NA,1,3,3,2,0,0,2,0,2,0,0,0,"2) Interrupcion: Ultimamente NO. Hace unas semanas que no se va el agua por dias.
5) Alimentos: Porque se utiliza agua de garrafon.
11) Ninguno: La de la llave es apta.
Interrumpio varias veces porque estaba vigilando a sus hijos (se notaba preocupacion).",3,2,4,2,2,3,1,1,2,1,3,3,3,2,
171,Oct-Dec,WI,NA,3,3,0,1,0,0,1,1,2,2,0,0,5) Alimentos: Siempre se utiliza el agua de garrafon.,3,2,3,2,2,1,2,3,2,2,4,4,2,2,
172,Oct-Dec,WI,NA,1,2,0,1,1,0,0,1,2,0,1,0,,2,2,2,3,3,3,2,2,3,3,2,3,3,2,
173,Oct-Dec,WI,NA,1,2,0,1,0,0,0,0,1,0,0,0,,1,1,3,3,3,4,3,2,3,1,1,3,3,1,
174,Oct-Dec,WI,NA,0,1,1,0,0,0,0,1,1,0,1,0,,2,3,3,2,4,4,3,3,2,2,4,3,3,3,
175,Oct-Dec,WI,NA,0,2,0,2,0,2,1,2,1,0,0,0,,2,3,4,2,3,2,2,3,3,2,3,3,1,2,
176,Oct-Dec,WI,NA,2,1,0,0,0,0,2,1,0,2,0,0,,0,0,2,3,3,3,2,2,4,2,2,2,4,2,
177,Oct-Dec,WI,NA,2,0,2,3,0,1,0,1,0,1,2,0,10) Suenio: sin garrafon--olvido,2,3,4,1,3,4,2,4,3,1,3,4,2,4,
178,Oct-Dec,WI,NA,2,2,2,0,0,0,1,0,1,0,0,0,,2,3,2,3,3,3,2,2,3,3,2,4,3,2,
179,Oct-Dec,WI,NA,0,1,0,0,0,0,0,0,0,0,0,0,,3,2,4,3,3,3,3,2,3,2,2,3,3,2,
180,Oct-Dec,WI,NA,1,1,0,1,0,0,2,0,2,0,3,1,8) bebida -- paran 4 veces al dia,3,3,4,2,2,4,2,2,3,2,3,4,1,4,
181,Oct-Dec,WI,NA,0,0,0,0,0,0,0,0,0,0,0,0,,2,1,2,2,2,3,4,2,3,2,2,3,3,2,
182,Oct-Dec,WI,NA,2,2,2,2,2,1,3,2,3,2,3,1,,3,2,3,3,3,2,3,3,3,3,2,4,2,2,
183,Oct-Dec,WI,NA,0,0,0,0,0,0,0,0,0,0,0,0,,3,2,4,2,2,1,2,3,2,2,3,2,2,1,
184,Oct-Dec,WI,NA,3,1,0,0,0,0,0,0,1,0,0,0,,1,0,2,4,4,4,3,0,4,2,2,3,2,0,
185,Oct-Dec,WI,NA,1,3,1,1,0,1,0,1,1,0,0,0,5) Alimentos: ocupa agua de garrafon,2,3,2,3,3,3,2,2,3,2,4,4,4,3,
186,Oct-Dec,WI,NA,2,2,1,1,1,0,1,0,2,1,0,1,,2,1,1,3,3,3,3,2,3,2,2,2,4,1,
187,Oct-Dec,WI,NA,0,1,1,0,0,0,1,0,1,0,0,0,1) A principio de anio si,3,3,4,2,2,3,2,2,3,2,3,4,1,2,
188,Oct-Dec,WI,NA,0,0,0,0,0,0,0,1,0,0,1,0,9) Enojo: Cuando subieron el agua de garrafon.,3,4,4,3,4,4,2,4,2,1,4,4,2,4,
189,Oct-Dec,WI,NA,0,1,1,2,0,0,2,0,1,0,0,0,,2,2,3,3,4,4,4,2,4,3,2,0,4,0,
190,Oct-Dec,WI,NA,1,1,1,2,1,0,1,1,1,1,3,3,Vergüenza --las personas inutados si dicen cosas,3,3,2,3,3,4,2,2,3,2,1,3,3,2,
191,Oct-Dec,WI,NA,1,1,2,0,0,0,2,0,0,0,0,0,,1,2,3,3,3,3,4,2,3,2,2,4,3,2,
192,Oct-Dec,WI,NA,2,1,0,1,0,1,0,1,1,0,0,0,Ropa se ensucio mucho,1,0,2,3,2,2,3,2,3,1,3,4,3,4,
193,Oct-Dec,WI,NA,2,1,0,0,1,1,1,0,1,0,1,0,,2,3,2,3,2,4,2,2,3,2,0,2,1,1,
194,Oct-Dec,WI,NA,0,1,2,2,0,0,0,2,0,1,1,0,,3,3,3,2,3,3,3,2,2,1,3,4,2,4,
195,Oct-Dec,WI,NA,2,2,1,1,1,0,2,0,2,0,1,1,"""No se si sale peor baniarme o no baniarme"" - Refiriendo a que el agua huele muy mal",2,2,3,2,2,3,3,1,3,3,1,4,3,2,
196,Oct-Dec,WI,NA,1,2,1,2,1,0,1,1,1,1,2,0,,2,3,3,2,3,2,2,3,2,1,3,3,1,2,
197,Oct-Dec,WI,NA,0,3,0,0,1,0,0,0,1,0,1,0,,2,3,3,2,2,1,1,1,3,1,2,4,2,4,
198,Oct-Dec,WI,NA,0,1,0,0,0,0,0,0,0,0,0,0,,3,3,2,2,2,2,3,2,2,1,2,2,3,3,
199,Oct-Dec,WI,NA,0,2,0,0,0,0,0,2,0,2,0,0,"8) Bebida: porque olvidan garrafon, o falta de tiempo",3,4,2,2,2,1,2,3,2,2,4,3,2,2,
200,Oct-Dec,WI,NA,3,3,0,3,0,0,0,0,3,0,2,0,,3,3,3,3,2,2,3,4,2,1,4,4,3,3,
201,Oct-Dec,WI,NA,3,3,1,3,2,1,1,2,3,1,2,0,,2,1,4,3,3,4,2,1,3,4,2,3,4,1,
202,Oct-Dec,WI,NA,0,0,0,0,2,0,0,1,0,1,0,1,"5) Alimentos : a veces batallo para pagar por garrafon
6) Manos: hasta de lavadora pero se lavan
12) Vergüenza: cuando cortaron agua se sintio feo porque no tiene cisterna.
Cocinar algo seco. ellos usan 1 bote y 1 cubeta de 2021.",3,3,4,2,4,3,1,2,2,0,2,1,3,2,
203,Oct-Dec,WI,NA,1,2,2,0,2,0,0,0,2,0,2,0,4) Planes--> 5) Alimentos: Si muy sucia no puede lavar verduras.,2,3,4,2,2,3,3,4,1,2,4,3,2,0,
204,Oct-Dec,WI,NA,1,1,2,1,1,2,1,1,2,0,1,0,,1,2,2,1,3,2,3,2,2,2,2,4,3,2,
301,Apr-Jun,WI,NA,2,0,1,0,0,0,0,0,2,0,0,0,,3,1,3,3,3,2,2,2,3,2,2,4,2,2,
302,Apr-Jun,WI,NA,0,0,0,0,0,0,0,0,0,0,0,0,,2,2,3,3,3,3,3,2,3,1,2,4,4,3,
303,Apr-Jun,WI,NA,2,2,2,0,0,0,0,0,0,0,0,0,,1,2,3,2,2,2,1,1,2,1,3,1,3,3,
304,Apr-Jun,WI,NA,1,0,0,1,0,1,1,0,1,0,1,0,,0,2,2,3,3,3,3,3,3,3,2,3,3,1,
305,Apr-Jun,WI,NA,1,2,0,0,0,0,0,0,0,1,0,0,,2,1,2,3,3,4,2,3,2,3,4,4,4,1,
306,Apr-Jun,WI,NA,2,3,1,3,0,0,3,0,1,0,3,0,,4,4,4,2,2,3,4,2,4,2,2,4,3,4,
307,Apr-Jun,WI,NA,3,0,0,0,1,0,0,1,1,1,1,0,,3,3,4,2,2,1,1,3,2,1,3,4,2,1,
308,Apr-Jun,WI,NA,2,2,1,2,0,0,2,1,1,0,0,0,"7) como 3 veces se bana con menos agua. a ""jicarazos""? 9) en la semana que hubo agua antes de que se la cutaran le estreso tener que prevenir el agua ",4,3,3,2,2,2,2,3,2,0,3,4,2,2,
309,Apr-Jun,WI,NA,1,1,1,1,1,0,0,0,1,0,1,0,,3,2,2,3,3,3,3,2,2,1,3,1,2,1,
310,Apr-Jun,WI,NA,3,1,1,3,3,0,0,1,3,0,3,1,,4,2,2,4,4,4,4,2,3,2,2,3,4,0,
311,Apr-Jun,WI,NA,1,2,3,1,0,0,0,0,1,0,0,0,,0,1,1,3,3,3,3,2,3,2,2,2,3,2,
312,Apr-Jun,WI,NA,1,1,1,0,0,0,1,0,1,0,0,0,Enojo--xq se la auteren el sabado. (escuchar audio),1,2,2,3,3,4,3,2,3,3,3,4,3,3,
313,Apr-Jun,WI,NA,1,0,0,0,0,0,1,0,1,0,0,0,,2,3,3,2,2,1,2,2,1,0,4,4,1,3,
314,Apr-Jun,WI,NA,2,3,3,2,1,0,1,2,1,1,3,2,,3,3,4,3,3,3,2,3,3,1,4,3,3,2,
315,Apr-Jun,WI,NA,2,1,2,0,0,0,0,0,1,1,0,0,Interrupcion--1 vez pero x 3 semanas. 3 (a menudo),2,3,3,4,3,2,2,3,3,2,1,4,1,4,
316,Apr-Jun,WI,NA,3,3,2,3,2,1,2,0,3,0,1,2,,3,3,4,4,2,4,2,2,3,0,3,4,2,3,
317,Apr-Jun,WI,NA,1,2,0,0,1,0,0,0,1,0,1,0,,0,0,2,2,2,4,3,1,3,3,2,3,3,2,
318,Apr-Jun,WI,NA,1,2,3,0,0,0,0,0,1,0,1,0,,0,2,2,2,2,2,3,0,2,0,2,1,3,2,
319,Apr-Jun,WI,NA,1,2,2,2,1,2,2,1,2,0,0,0,Ninguno--solo les quedaba tinaco y llego pipa,2,2,2,1,2,2,2,1,2,2,2,3,2,1,
320,Apr-Jun,WI,NA,2,2,2,1,0,0,0,0,2,0,1,0,,3,3,4,2,2,3,3,3,3,3,4,4,2,4,
321,Apr-Jun,WI,NA,1,0,0,1,0,0,0,1,1,1,1,0,,2,2,2,3,3,4,4,2,3,2,2,1,2,2,
322,Apr-Jun,WI,NA,2,3,2,2,0,0,0,0,2,0,0,0,"2) Interrupcion: 12 veces
3) Ropa: 8 veces
9) Enojo: 10 veces
Pero generalmente aqui en sus colonias no usan ropa blanca.",3,1,3,3,3,2,3,3,3,2,1,1,3,2,11. Por efectos del medicamento
323,Apr-Jun,WI,NA,0,1,0,0,0,0,0,0,0,0,0,0,11) Ninguno: Siempre,2,2,3,3,3,2,2,2,2,1,3,4,2,2,
324,Apr-Jun,WI,NA,0,1,0,2,0,1,2,0,1,0,1,1,"4) Planes: 3 dias no se pudo baniar sin agua
12) Vergüenza: se hablara de su sobrina",4,4,3,1,3,1,0,0,1,0,0,2,0,0,
325,Apr-Jun,WI,NA,2,1,2,1,1,0,2,0,2,0,0,0,,2,2,4,2,3,3,3,2,3,2,4,3,4,3,
326,Apr-Jun,WS,NA,1,1,1,1,0,0,0,0,1,0,0,0,,4,1,4,4,3,4,4,1,4,0,2,3,2,1,
327,Apr-Jun,WI,NA,0,1,0,0,0,0,0,0,0,0,0,0,,2,1,2,2,3,4,3,1,3,2,2,2,3,1,
328,Apr-Jun,WI,NA,0,2,0,0,0,0,0,0,0,0,0,0,"2) Interrupcion: cuando lavan el pogo
8) Bebida: piden prestado-->maquinita. mismo precio. Arriba purificadora y despachadores",2,2,4,2,4,2,4,2,2,0,4,3,3,4,
329,Apr-Jun,WI,NA,1,3,0,3,1,0,0,2,1,0,1,2,"4) Planes: postponer lavar ropa, baniarse, etc.
5) Alimentos: sopa en leyar de caldo. sin agua de garrafon.
8) Bebida: se acaba de garrafon, nadie lo sube
9) Enojo: admin. dinero",2,3,3,2,2,3,2,2,2,2,3,4,3,2,
330,Apr-Jun,WI,NA,3,3,3,0,1,1,2,2,2,1,2,0,,3,2,3,2,2,3,2,3,2,2,3,3,2,2,
331,Apr-Jun,WI,NA,0,1,1,0,0,1,0,0,0,0,0,0,,2,3,3,2,2,2,3,2,2,2,4,3,2,3,
332,Apr-Jun,WS,NA,3,2,1,2,1,0,0,1,0,1,0,0,,2,2,3,1,3,3,2,2,3,2,3,4,3,1,
333,Apr-Jun,WS,NA,3,3,3,3,3,0,3,0,3,0,3,2,11) de garrafon si,3,4,4,1,2,3,1,4,2,0,4,4,2,4,
334,Apr-Jun,WI,NA,1,2,1,1,0,0,0,0,1,0,0,0,,4,1,4,3,4,4,4,2,3,2,2,3,4,1,
335,Apr-Jun,WS,NA,3,3,1,0,0,0,0,0,0,0,0,0,,1,2,4,4,3,4,2,2,3,4,4,4,2,2,
336,Apr-Jun,WS,NA,0,1,2,0,0,0,3,0,1,0,0,0,,0,2,2,2,4,2,2,2,2,2,2,2,1,2,
337,Apr-Jun,WS,NA,2,0,0,0,0,0,0,0,0,0,0,0,,0,2,2,3,3,4,4,1,4,3,2,3,4,0,
338,Apr-Jun,WS,NA,1,2,3,0,0,0,2,0,1,0,0,0,,2,3,4,2,2,3,3,2,2,1,3,4,2,3,
339,Apr-Jun,WS,NA,2,2,1,2,0,0,1,1,1,0,0,0,,2,3,2,2,3,3,3,2,3,3,2,3,3,2,
340,Apr-Jun,WS,NA,0,1,0,0,0,0,0,0,0,1,0,0,,2,3,4,3,4,4,4,3,3,3,3,3,3,4,
341,Apr-Jun,WS,NA,2,3,2,2,0,0,1,1,2,0,0,1,,1,2,3,4,4,4,3,2,4,3,2,2,2,3,
342,Apr-Jun,WS,NA,1,2,2,3,1,0,1,1,2,0,1,0,,1,2,2,3,3,3,4,2,3,3,2,2,2,3,
343,Apr-Jun,WS,NA,3,2,3,2,1,2,3,2,1,0,0,0,,2,3,2,2,4,4,3,2,2,1,4,3,4,4,
344,Apr-Jun,WS,NA,3,2,2,2,1,0,0,0,2,0,2,1,,2,2,3,3,4,4,3,1,3,2,4,2,4,4,
345,Apr-Jun,WS,NA,3,3,3,3,3,1,2,3,3,0,1,2,,4,3,3,2,2,3,2,2,2,1,4,4,2,2,
346,Apr-Jun,WS,NA,2,3,2,1,0,0,1,1,2,1,1,0,,2,3,3,1,2,3,3,2,2,3,1,3,3,1,
347,Apr-Jun,WS,NA,2,3,3,2,1,1,2,2,1,1,1,,"No hay una repuesta por la categoria vergüenza, en el documento dice ""? -->doc-->0""",2,2,3,2,2,1,2,3,2,0,1,2,1,2,
348,Apr-Jun,WS,NA,1,1,2,2,1,1,3,2,2,2,3,1,,2,3,3,2,0,3,4,2,2,1,2,3,4,2,
349,Apr-Jun,WS,NA,1,2,3,2,3,2,1,1,1,1,2,1,agua embotellada-->cocinar. A veces le falta agua embotellada. Avisa 10 am para tener agua a las 3.,2,2,3,4,3,3,3,2,4,3,2,3,3,2,
350,Apr-Jun,WS,NA,1,3,0,0,0,0,0,0,3,0,0,0,"Suenio-buscamos la forma de que sea apto, hirriendala o comprands garrafones.",1,2,2,2,4,4,3,0,0,4,1,1,2,4,
351,Apr-Jun,WS,NA,3,2,3,2,1,1,2,0,3,1,2,1,"5) Alimentos: iban a comedor para no gastar el garrafon.
8) Bebida: siempre hay garrafon o botellas
10) Suenio: ni garrafon por cosas de trabajo.
senior garrafon lo paraba",3,1,3,2,4,2,3,1,2,2,1,2,3,2,
352,Apr-Jun,WS,NA,2,2,2,2,2,1,2,0,2,0,1,0,,0,2,4,2,4,3,2,2,3,2,2,3,2,1,
353,Apr-Jun,WS,NA,2,2,1,2,1,1,3,0,2,0,1,1,,1,2,4,4,4,2,1,3,3,1,3,4,2,2,
354,Apr-Jun,WI,NA,2,1,0,0,1,0,0,1,3,0,0,0,"5) Alimentos: le falto de garrafon
8) Bebida: garrafon, siempre calculan los domingos pero no estaba abierta purificadora, tuvieron que esperar hasta semana siguiente.",4,3,3,4,3,2,2,3,4,2,1,3,4,2,
355,Apr-Jun,WS,NA,1,0,0,0,0,0,0,1,0,0,0,0,,4,2,4,4,2,2,2,4,2,3,2,1,3,1,
356,Apr-Jun,WI,NA,0,1,0,0,0,0,0,0,0,0,0,1,"11) Ninguno: changed it to zero. De la llave no, de garrafon si
12) Vergüenza: Si le da pena",2,2,2,2,3,3,2,1,3,2,2,3,3,1,
357,Apr-Jun,WS,NA,3,2,1,2,2,1,2,0,2,0,0,0,,4,2,4,3,3,3,3,2,3,2,2,4,3,2,
358,Apr-Jun,WS,NA,3,3,,2,0,0,0,0,2,0,0,0,"4) Planes: //Tr
7) Cuerpo: --> juntaban
8) Bebida: --> garrafones compraron + de lo normal.
llenar 1 bote--> 2 horas
--> 20 lts. si le salieron caras! que estan",3,2,4,1,2,1,1,1,1,2,3,4,2,2,
359,Apr-Jun,WS,NA,0,1,0,0,0,0,0,0,0,1,1,0,11) Ninguno: el numero 1 esta escrito sobre un zero,3,3,4,2,2,2,1,1,2,1,3,1,2,4,
360,Apr-Jun,WS,NA,0,0,0,0,0,0,0,0,0,0,0,0,,2,1,2,3,3,4,3,2,2,2,1,2,4,0,
361,Apr-Jun,WS,NA,1,2,3,3,0,0,3,0,2,0,3,0,,3,4,3,2,1,2,3,4,3,2,4,3,3,4,
362,Apr-Jun,WS,NA,0,1,0,0,0,0,0,1,1,1,0,0,,3,3,3,2,2,2,2,2,2,2,3,3,1,3,
363,Apr-Jun,WS,NA,2,2,1,2,1,1,2,2,1,2,2,0,,3,4,2,2,1,2,2,3,2,2,3,4,2,2,
364,Apr-Jun,WS,NA,0,2,2,0,,0,0,0,2,0,0,0,,2,1,2,2,3,4,3,3,3,3,2,2,2,3,
365,Apr-Jun,WS,NA,0,0,0,0,0,0,0,1,0,0,0,0,,1,1,2,4,3,4,3,2,3,3,2,3,4,2,
366,Apr-Jun,WS,NA,3,3,3,0,0,0,0,1,1,0,0,0,,3,1,2,3,3,4,3,1,3,3,1,3,2,1,
367,Apr-Jun,WS,NA,1,2,1,1,0,0,0,1,1,0,1,0,"mama es muy cuidadora, siempre garrafon. ",2,1,2,3,4,3,4,1,4,3,2,4,3,0,
368,Apr-Jun,WS,NA,2,1,0,0,0,3,3,1,1,1,1,0,,3,3,4,2,3,2,2,2,2,0,4,4,3,3,
369,Apr-Jun,WS,NA,2,2,1,2,0,1,0,1,1,0,0,0,,2,2,2,2,2,2,2,2,3,2,1,2,3,2,
370,Apr-Jun,WS,NA,1,1,1,1,0,0,1,0,1,0,0,0,,2,2,3,4,4,4,4,1,4,3,2,4,4,1,
371,Apr-Jun,WS,NA,2,3,2,2,2,1,1,2,2,0,0,0,"Alimentos (5)-lavar fruta.
Bebida (8) - si no hay agua-refresco",3,2,3,2,2,3,3,2,3,2,2,3,2,2,
372,Apr-Jun,WI,NA,1,1,0,0,1,0,0,1,1,1,0,0,,2,3,3,2,2,2,2,3,2,1,3,4,4,3,
373,Apr-Jun,WI,NA,2,2,1,1,1,1,1,1,1,2,2,2,"Bebida--problema con vecina. Pasan vendiends y no avisaba (garrafon)
Vergüenza--tiene olor degradable--cabello",2,2,3,3,3,4,3,3,3,2,2,2,2,1,
374,Apr-Jun,WI,NA,1,1,2,0,0,1,1,0,3,0,0,0,,1,2,4,1,2,0,1,2,2,0,3,4,3,4,
375,Apr-Jun,WI,NA,2,1,1,1,1,1,1,1,2,0,0,0,Enojo-calidad,3,1,4,3,4,4,3,4,3,1,4,3,3,4,
376,Apr-Jun,WI,NA,1,1,2,0,0,0,2,0,1,0,1,1,,2,2,3,3,3,4,3,1,2,2,3,3,3,2,
377,Apr-Jun,WI,NA,0,2,0,3,0,0,0,0,0,0,0,0,Planes-tiene que lavar temprano--no puede ir a dentista o trabajar tmeprano,2,1,3,3,3,3,4,2,2,3,2,1,3,1,
378,Apr-Jun,WI,NA,2,2,2,1,0,0,2,1,2,1,2,0,,3,2,4,3,3,3,3,2,2,2,4,4,1,2,
380,Apr-Jun,WI,NA,1,2,2,2,0,0,0,1,2,1,2,0,,1,3,4,2,2,2,1,4,2,2,3,4,1,3,
381,Apr-Jun,WI,NA,2,1,1,0,0,0,1,1,1,1,1,0,,3,2,3,3,3,2,2,3,3,1,2,2,2,1,
382,Apr-Jun,WI,NA,2,1,2,2,0,0,1,0,2,0,1,0,,2,1,2,2,3,2,2,1,3,3,2,4,2,3,
383,Apr-Jun,WI,NA,0,2,1,2,0,0,0,0,1,0,0,1,,3,2,4,2,4,4,2,0,2,1,3,3,2,2,
384,Apr-Jun,WI,NA,2,1,1,1,1,0,1,1,2,1,0,1,"7) Cuerpo: muy sucia- agarro de la llave
12) Vergüenza: cuando hijo llega de trabajo y no se puede baniar",2,3,2,4,4,3,4,4,4,3,3,4,2,3,
385,Apr-Jun,WI,NA,2,3,2,0,0,0,2,1,1,0,1,0,"8) Bebida: El agua de garrafon la limitaron en la venta, solo nos vendian un garrafon. Nos decian que el agua less llegaba sucio a los purificadores. Tuvimos que racionarla.",0,2,4,4,3,3,3,3,2,1,4,3,2,3,
386,Apr-Jun,WI,NA,1,0,0,1,0,0,0,0,1,0,0,0,,0,2,2,3,3,3,3,2,3,3,2,3,3,1,
387,Apr-Jun,WI,NA,0,1,1,0,0,0,0,1,1,1,0,0,,0,2,1,2,2,2,1,2,2,0,2,3,2,1,
388,Apr-Jun,WI,NA,2,3,2,2,0,0,0,0,0,0,0,0,,2,1,2,3,3,4,3,1,3,3,1,2,3,1,
389,Apr-Jun,WI,NA,0,1,0,1,0,0,0,0,0,0,0,0,,2,2,2,4,4,4,3,2,4,2,2,4,3,2,
390,Apr-Jun,WI,NA,1,1,1,1,0,0,0,0,0,0,0,1,,1,2,2,2,3,4,4,2,2,3,2,4,4,2,
391,Apr-Jun,WI,NA,1,1,2,1,0,0,2,0,1,0,0,0,,2,3,4,1,1,2,1,2,2,2,4,3,1,2,
392,Apr-Jun,WI,NA,0,0,1,0,0,0,0,0,0,0,0,0,,0,0,2,0,4,4,4,0,0,0,0,0,2,0,
393,Apr-Jun,WI,NA,2,2,2,1,1,1,2,2,1,2,1,2,,2,2,2,1,4,2,2,3,2,2,4,3,2,2,
394,Apr-Jun,WI,NA,1,3,2,1,1,0,2,1,1,1,1,0,,0,2,2,3,3,3,3,2,2,2,3,3,2,2,
395,Apr-Jun,WI,NA,0,1,2,1,0,0,0,1,1,1,0,0,,2,2,4,3,2,2,2,2,2,2,3,2,3,3,
396,Apr-Jun,WI,NA,2,1,0,0,1,0,3,1,3,0,0,0,,1,2,3,3,2,3,2,3,3,2,2,4,3,2,
397,Apr-Jun,WI,NA,2,1,2,0,0,0,0,0,2,0,0,0,,2,4,3,2,1,2,2,2,3,3,4,4,3,3,
398,Apr-Jun,WI,NA,0,1,0,0,0,0,0,0,1,0,1,0,,4,4,4,2,2,2,1,4,3,1,4,3,2,4,
399,Apr-Jun,WI,NA,2,2,3,2,1,1,2,1,2,1,1,1,,2,3,4,3,3,2,3,2,2,1,3,2,3,2,
400,Apr-Jun,WI,NA,1,2,1,2,0,0,2,1,2,0,0,0,,1,2,2,3,3,4,2,1,3,2,3,3,3,2,
401,Apr-Jun,WI,NA,1,2,2,1,0,0,1,1,1,0,1,0,Bebida--olvida garrafon,3,2,3,3,2,3,2,2,2,2,3,3,2,1,
402,Apr-Jun,WI,NA,2,1,1,1,0,0,1,1,1,1,1,0,,1,2,2,3,3,4,3,2,3,2,2,3,3,2,
403,Apr-Jun,WI,NA,0,0,0,3,0,0,0,0,0,0,0,0,,3,0,4,4,4,4,3,0,4,4,0,3,4,0,
404,Apr-Jun,WI,NA,1,1,0,0,0,0,1,0,1,0,3,0,,1,1,2,2,4,2,4,2,3,2,1,2,2,1,
405,Apr-Jun,WI,NA,1,2,2,0,0,0,0,0,1,0,0,0,,2,1,1,3,3,3,3,2,3,2,2,2,3,2,
406,Apr-Jun,WS,NA,2,2,2,1,1,1,2,0,1,0,1,0,,2,3,4,2,1,1,2,2,2,1,4,4,2,2,
407,Apr-Jun,WS,NA,0,1,1,0,0,1,1,2,1,2,1,0,,2,0,1,4,4,4,3,1,4,3,1,2,4,0,
408,Apr-Jun,WS,NA,0,0,0,1,0,0,1,0,1,0,1,0,,2,2,4,1,3,3,2,3,2,1,4,3,1,4,
409,Apr-Jun,WS,NA,1,1,2,2,0,0,1,0,1,0,1,0,,1,2,3,2,2,3,3,2,3,2,3,3,2,3,
410,Apr-Jun,WS,NA,3,2,2,1,0,0,1,0,2,0,1,0,,2,4,4,2,2,4,2,3,2,4,2,4,3,4,
411,Apr-Jun,WS,NA,3,3,2,2,1,0,1,0,2,0,2,1,,4,2,3,3,3,2,2,1,4,2,2,4,0,2,
412,Apr-Jun,WS,NA,3,3,0,0,0,0,2,0,1,0,1,0,7) Cuerpo: Porque se le olvida juntar agua.,2,3,4,2,2,2,2,2,1,0,4,2,0,3,
413,Apr-Jun,WS,NA,0,1,0,0,0,0,0,1,0,0,1,0,,1,1,0,4,4,3,4,2,4,2,0,2,3,2,
414,Apr-Jun,WS,NA,1,0,0,0,0,0,0,0,0,0,0,0,,2,2,2,2,2,2,3,3,3,2,3,3,3,3,
415,Apr-Jun,WS,NA,2,3,2,2,2,1,1,0,2,0,3,0,,4,2,4,2,2,3,1,1,2,2,4,2,2,4,
416,Apr-Jun,WS,NA,2,2,1,3,2,2,1,3,1,0,2,1,,4,4,4,2,3,3,2,2,3,4,3,3,2,4,
417,Apr-Jun,WS,NA,2,2,2,2,1,0,0,2,2,2,1,0,5) Alimentos: tuvo que usar llave para cafe.,4,4,4,2,2,2,1,4,2,1,4,4,2,4,
418,Apr-Jun,WI,NA,1,0,1,1,0,0,1,0,1,0,0,0,2) Interrupcion: Almacena mas para que no nos hiciera falta. Paso 3 o 4 dias que no hubo agua.,2,3,3,2,3,2,4,3,3,3,1,4,2,1,
419,Apr-Jun,WI,NA,0,0,0,0,0,0,0,1,1,0,0,0,"9) Enojo: cuando se da cuenta de suciedad
mes pasado salio bien sucia",2,2,3,3,3,4,3,2,3,3,2,4,4,0,
420,Apr-Jun,WI,NA,2,2,1,0,0,0,1,0,2,1,2,0,,3,3,4,2,2,2,3,3,2,2,4,2,1,3,
421,Apr-Jun,WI,NA,1,2,1,2,1,0,1,1,2,1,3,0,,2,1,3,2,2,3,1,2,2,1,3,1,3,3,
422,Apr-Jun,WI,NA,0,0,0,0,0,0,0,0,0,1,0,0,,1,1,4,3,3,3,3,4,1,3,3,3,1,4,
423,Apr-Jun,WI,NA,2,2,2,1,0,2,2,1,2,1,2,0,,3,4,4,2,2,3,2,3,2,1,3,4,1,4,"su mama antes enferma, tuvo 1 perdida de 1 bebe"
424,Apr-Jun,WI,NA,2,2,1,0,0,1,2,0,2,0,0,0,,2,2,2,3,3,3,3,2,3,3,2,3,3,2,
425,Apr-Jun,WI,NA,0,0,1,0,0,0,0,0,0,0,1,0,,1,0,1,4,2,3,4,2,4,3,4,4,4,2,
426,Apr-Jun,WI,NA,2,2,2,3,2,2,2,0,2,0,0,0,,4,3,3,2,2,1,1,4,3,1,4,4,4,4,
428,Apr-Jun,WI,NA,1,1,1,0,0,0,1,0,2,0,0,0,,2,3,4,2,3,3,2,4,2,4,3,2,2,4,
429,Apr-Jun,WI,NA,1,2,2,3,0,0,0,0,1,0,1,0,,2,2,4,2,2,2,2,3,2,1,3,4,3,2,
430,Apr-Jun,WI,NA,1,2,2,2,1,0,2,2,2,1,0,0,,1,1,4,1,0,3,2,2,2,2,4,4,2,2,
431,Apr-Jun,WI,NA,3,2,3,0,0,1,1,1,0,1,3,1,,1,1,2,2,2,1,1,1,1,0,4,3,2,4,
432,Apr-Jun,WS,NA,0,1,0,0,0,0,0,1,0,0,0,0,8 bebida--acaba garrafon,2,1,2,3,3,4,3,1,4,4,2,2,3,0,
433,Apr-Jun,WS,NA,1,1,1,0,0,0,1,0,1,0,1,0,,1,0,1,3,3,3,3,1,3,2,1,1,3,0,
434,Apr-Jun,WS,NA,1,1,1,1,0,0,1,1,0,1,1,0,8 bebida--olvida garrafon,2,4,2,3,2,2,2,2,3,2,3,4,1,2,
435,Apr-Jun,WS,NA,3,0,0,0,0,0,0,0,1,0,0,0,,3,2,2,4,4,4,4,3,3,4,1,4,4,2,
436,Apr-Jun,WS,NA,2,1,3,2,3,1,2,1,0,2,1,2,5 alimentos--a veces la usan para comida. Sucie no se puede.,1,2,3,3,2,3,3,2,1,1,3,1,3,1,
437,Apr-Jun,WS,NA,1,1,1,2,0,0,1,1,1,1,2,0,,2,2,3,2,2,2,2,2,1,1,2,2,2,2,
438,Apr-Jun,WS,NA,3,1,1,2,1,2,2,1,2,0,2,0,,0,2,2,2,3,3,3,2,3,2,2,3,2,2,
439,Apr-Jun,WS,NA,1,2,2,1,0,1,1,1,1,1,1,0,,2,3,4,3,2,3,2,2,2,1,2,3,3,2,
440,Apr-Jun,WI,NA,1,2,1,0,0,0,1,0,1,0,1,0,Bebida--compran botella en tienda,2,1,3,3,4,4,3,1,3,2,2,1,1,1,
441,Apr-Jun,WI,NA,2,3,3,2,0,0,2,1,1,1,3,0,,1,1,2,2,3,2,4,2,3,2,3,2,2,1,
442,Apr-Jun,WI,NA,2,2,1,3,1,0,2,2,1,0,0,0,"4) Planes: cambio planes--> iba a las 5 am, 7 dias. dejo de trabajar y no tenia agua
5) Alimentos: compro desechables
9) Enojo: hijo se molesta cuando manda a buscar garrafon",2,2,2,3,4,4,2,2,4,3,2,3,3,2,
443,Apr-Jun,WI,NA,2,1,2,0,1,0,1,1,1,1,3,0,"5) Alimentos: mama--> ensaladas. compro verdura--> lavar y agua llave + gotitas--> luego vio gusanos (blanco) en llave--> compraron pollo! 
9) Enojo: (muy sucia)- enfermo a pesar de filtro",2,2,3,2,2,3,2,2,2,2,3,2,2,3,
444,Apr-Jun,WI,NA,1,0,1,0,0,0,0,0,0,0,0,0,3) Ropa: cayo solo en la tarde,2,2,3,3,3,3,2,2,2,1,1,4,3,2,
445,Apr-Jun,WI,NA,3,3,3,0,0,0,1,0,0,0,1,0,,3,4,4,3,4,3,2,3,3,4,4,4,2,4,
446,Apr-Jun,WI,NA,2,2,1,1,2,0,0,0,1,0,1,1,"5) Alimentos: lavar verduras--> de llave--> muy sucia. Prefieren de garrafon
12) Vergüenza: pedir el agua--era pagarle toda--> pipa. Nadie queria pagar por agua (vecinos).",3,2,4,2,1,1,2,2,1,1,4,4,2,4,
447,Apr-Jun,WI,NA,2,2,3,1,0,0,0,0,1,0,1,0,8) Bebida: mama precande,2,3,3,1,1,2,2,2,3,2,1,2,2,1,
448,Apr-Jun,WI,NA,0,1,0,0,0,0,0,1,0,1,0,0,7) Cuerpo: olvido garrafon,3,4,3,2,2,4,3,2,3,2,3,3,2,2,
449,Apr-Jun,WS,NA,1,1,1,1,1,0,0,1,1,0,2,0,"8) Bebida: olvidan garrafon
12) Vergüenza: tenia graba. segura de algunos",3,3,3,2,2,3,2,2,2,1,3,4,3,2,
450,Apr-Jun,WS,NA,3,3,3,3,2,3,3,2,3,1,1,0,,3,4,4,2,2,3,1,3,2,3,4,4,2,3,
451,Apr-Jun,WS,NA,0,1,1,0,0,1,1,0,0,0,1,0,,2,1,2,3,4,4,4,1,4,4,2,3,3,1,
452,Apr-Jun,WS,NA,2,2,1,2,1,1,2,1,2,1,3,0,,3,4,3,2,2,2,2,4,3,1,4,4,2,4,
453,Apr-Jun,WS,NA,1,2,2,1,2,1,1,1,2,0,2,1,9) Enojo: hermano ve que la gente batalla con el agua,2,2,2,2,3,3,3,3,3,2,2,2,3,2,
454,Apr-Jun,WS,NA,1,2,2,0,0,0,1,0,1,0,0,0,,2,1,4,3,2,2,2,2,2,2,3,3,3,3,
455,Apr-Jun,WS,NA,1,0,0,0,0,0,0,1,1,0,0,0,,4,3,3,2,3,3,3,3,4,2,3,2,2,3,
456,Apr-Jun,WS,NA,3,3,2,3,2,2,2,1,3,1,1,0,,2,1,3,4,3,4,4,3,3,2,2,1,2,1,
457,Apr-Jun,WI,NA,1,1,1,0,0,0,1,0,0,0,1,0,,2,1,3,3,3,4,2,2,4,4,2,4,3,2,
458,Apr-Jun,WS,NA,3,2,2,0,1,1,1,1,1,1,1,1,,3,4,4,1,2,2,2,2,3,2,4,4,4,4,
459,Apr-Jun,WI,NA,0,0,1,0,0,0,0,0,0,0,0,0,,2,2,2,2,3,4,3,1,2,0,2,1,2,1,
460,Apr-Jun,WI,NA,3,1,2,3,0,1,2,0,2,0,1,2,,4,3,3,4,4,4,2,2,4,2,3,2,2,1,
461,Apr-Jun,WI,NA,0,0,0,0,0,0,0,0,0,0,0,0,,0,0,0,4,4,3,4,1,3,2,2,1,2,1,
462,Apr-Jun,WI,NA,0,0,0,0,0,0,0,0,0,0,0,0,,1,2,3,2,4,2,2,4,2,1,4,2,2,2,
463,Apr-Jun,WS,NA,3,2,2,0,0,0,0,0,2,0,0,0,Preocupacion--diario,2,2,3,2,2,2,3,2,2,2,3,3,2,2,
464,Apr-Jun,WS,NA,1,2,1,1,1,0,1,0,1,0,1,0,"Alimentos--para lavar, trate les falto // algo que no enovciona",1,0,1,4,3,4,4,1,4,2,2,4,4,1,
465,Apr-Jun,WS,NA,0,0,0,0,0,0,0,0,0,0,0,0,Ninguno--Se lo siempre conde habla del agua del suministro de publica,4,4,4,2,1,4,3,1,2,2,4,4,2,3,
466,Apr-Jun,WS,NA,3,1,0,0,1,0,0,0,0,0,0,0,"Alimentos--llegaba muy sucia--compraron desechables, no podrian lavar traste

Enojo--anterior 1

Ninguno---anterior 1",0,2,3,4,3,4,4,2,4,3,4,3,4,2,
467,Apr-Jun,WS,NA,2,1,1,1,2,1,0,0,2,2,1,0,,2,4,4,3,2,2,2,1,3,1,4,3,2,4,
468,Apr-Jun,WS,NA,0,1,2,0,0,1,1,0,0,0,2,0,,4,4,3,2,3,4,0,1,2,0,4,4,2,4,
469,Apr-Jun,WS,NA,1,2,1,0,0,0,1,0,0,0,0,0,,0,2,3,4,2,2,4,4,2,4,2,4,2,1,
470,Apr-Jun,WS,NA,2,2,2,1,0,0,1,0,2,0,1,0,,2,1,3,4,3,4,3,1,3,2,2,4,3,1,
471,Apr-Jun,WS,NA,2,2,2,1,2,0,2,0,1,0,1,1,"4) Planes: No pudo lavar trastes 2 veces. Debio dejarlos en una tina y cubrirlos por el olor
5) Alimentos: Por ejemplo, no pudo preparar ensalada porque eso requiere lavar muchas verduras. 
7) Cuerpo: salia NEGRA el agua
12) Vergüenza: su hija se sintio incomoda por no baniarse.",4,3,4,4,2,2,3,2,2,1,4,2,2,3,
472,Apr-Jun,WS,NA,0,0,0,2,0,0,0,0,3,0,2,2,"4) Planes: horarios --> hay muchas personas
9) Enojo: por lo de las bombas (se suben toda el agua) --> ella lava en la noche",3,4,4,2,4,3,4,3,4,2,2,3,4,1,
473,Apr-Jun,WS,NA,1,3,2,2,0,0,0,0,0,1,0,0,,3,4,4,3,3,2,2,2,4,2,2,3,2,1,
474,Apr-Jun,WS,NA,1,1,0,0,0,1,1,0,0,0,1,0,6) Manos: cae sucia,3,4,3,3,3,4,3,2,3,3,1,3,4,1,
475,Apr-Jun,WS,NA,3,3,3,1,3,3,2,0,3,0,3,2,"1) Preocupacion: Todos los dias. ella ""vive con esa preocupacion""
3) Ropa: solo lavo 1 vez en la semana
4) Planes: 2 veces llevo a sus hijos sin uniforme porque no podia lavarlos y no se los aceptaron
5) Alimentos: Todo el mes tuvo que comer alimentos enlatados porque no podia lavar trastes.
6) Manos: todos usaban gel.
11) Ninguno: 30 dias",2,1,3,4,4,4,4,1,4,3,2,4,3,1,
476,Apr-Jun,WS,NA,3,1,1,1,0,0,0,0,1,0,0,0,,2,3,3,2,2,3,2,3,3,2,4,3,4,1,
477,Apr-Jun,WS,NA,3,1,0,0,2,0,0,0,2,0,0,0,1) Preocupacion: Diario,4,4,4,1,0,4,2,4,3,0,4,4,4,4,
478,Apr-Jun,WI,NA,3,2,2,2,1,2,2,0,1,0,1,0,,2,1,2,4,4,4,2,1,4,1,1,3,3,1,
479,Apr-Jun,WI,NA,2,3,2,2,1,1,2,1,3,1,2,0,,2,3,3,2,2,3,2,2,3,2,2,2,2,3,
480,Apr-Jun,WI,NA,1,1,0,0,0,0,0,1,0,1,0,0,"los numeros de arriba son para mayo
estos numeros son para marzo:
1) Preocupacion: 2
2) Interrupcion: 3
3) Ropa: 3
4) Planes: 3
5) Alimentos: 0
6) Manos: 1
7) Cuerpo: 1
8) Bebida: 2
9) Enojo: 2
10) Suenio: 2
11) Ninguno: 1 como le toma vez
12) Vergüenza: 0",2,2,4,3,4,3,3,3,2,1,4,4,2,2,
481,Apr-Jun,WI,NA,1,1,2,1,0,0,0,1,1,0,1,0,,2,0,4,3,3,3,2,2,4,1,2,3,1,2,
482,Apr-Jun,WI,NA,0,0,0,1,0,0,0,0,0,0,0,0,,0,2,2,3,2,2,4,1,2,1,2,4,0,1,
483,Apr-Jun,WS,NA,1,1,3,3,3,0,2,1,2,1,3,0,"1) mayo y abril,  3) 1/3,  4) 0/3,  5) 0/3,  7) 0/2,  8) 1/1,  9). 0/2,  10)1/1,  11) 0/3 al inicio caia muy sucia--> bano luego pudiera ",2,2,2,2,2,2,2,3,3,2,3,3,3,3,
484,Apr-Jun,WS,NA,1,2,1,0,0,0,0,1,0,0,0,0,"Abril: 1) 1, 2)2, 3) 1, 4) 3, 5) 3, 6) 0, 7) 1, 8) 1, 9) 1, 10) 0, 11) 1, 12) 0 ",2,3,4,2,2,2,2,3,2,2,3,2,3,3,
485,Apr-Jun,WS,NA,1,1,2,3,3,0,1,0,1,0,0,0,"Abril: 
1) 3 
2) 3
3) 3 
4) 3
5) 3 
6) 0 
7) 3
8) 0
9) 3
10)0
11) 2
12) 0 ",4,1,4,3,3,4,2,1,3,2,1,2,2,1,
486,Apr-Jun,WS,NA,3,1,2,2,2,1,1,0,1,0,1,0,admin corto- aung?? habia de pipa- ya se habia pagado,3,3,4,2,3,2,2,3,2,1,3,3,2,3,
487,Apr-Jun,WS,NA,3,2,2,2,1,0,2,0,2,0,2,0,"Febrero- Abril: 
1) 3 
2) 2 
3) 3 
4) 3 
5) 1 
6) 0 
7) 2
8)0 
9)3
10) 0
11) 3
12) 0",3,3,4,3,3,3,2,4,2,2,4,4,3,4,
488,Apr-Jun,WS,NA,0,0,0,0,0,0,0,0,0,0,1,0,"Abril: 
1) 2 
2) 2
3) 2 
4) 2 
5) 2 
6) 2 
7) 2
8) 0
9)0 
10) 0
11) 3 
12) 0",3,2,3,3,2,4,3,2,2,4,2,3,3,2,
489,Apr-Jun,WS,NA,0,0,0,0,0,3,0,0,0,0,0,0,"Abril: 
1) n/a
2) 1 
3) 2 
4) 2 
5) 2 
6) 3 
7) 2
8) 0 
9)2 
10) 0 
11) 2 
12) 0 ",2,0,2,3,3,3,2,1,3,3,2,2,3,3,
490,Apr-Jun,WS,NA,2,2,2,1,0,1,1,0,1,0,1,0,"Hay dos numeros por cada categoria, arriba son los numeros para ""mayo"". Aqui son los numeros para abril:

1: 3
2: 3
3: 3
4: 4
5: 0
6: 2
7: 3
8: 0
9: 3
10: 0
11: 3
12: 0

Planes: boniarse: cambiar horarios",1,3,4,4,3,4,3,3,3,2,2,2,3,2,
491,Apr-Jun,WS,NA,2,1,1,1,1,1,1,0,2,1,0,0,"Alimentos: si no hay de garrafon, tenia que hacer comida seca",2,2,2,3,2,2,2,2,3,1,1,3,3,2,
492,Apr-Jun,WS,NA,1,1,0,1,2,0,0,0,1,0,1,0,"5) No hace guisados

Los numeros arriba son de mayo, pero tambien hay diferentes repuestas para abril:

1: 2
2: 3
3: 2
4: 2
5: 3
6: 1
7: 1
8: 0
9: 2
10: 0
11: 3
12: 0",1,0,2,2,3,4,4,2,4,3,2,2,3,2,
493,Apr-Jun,WS,NA,0,1,0,1,0,0,1,0,0,0,1,0,,0,1,1,4,3,3,4,0,3,0,0,2,4,1,
494,Apr-Jun,WS,NA,1,0,1,0,0,0,0,0,0,0,0,0,"Arriba son las repuestas por mayo pero tambien ella ponia las repuestas por abril:
1: 3
2: 3
3: 3
4: 3
5: 0
6: 3
7: 3
8: 0
9: 3
10: 0
11: 2
12: 0",2,2,3,3,4,3,3,1,3,2,2,4,3,2,
495,Apr-Jun,WS,NA,1,2,0,0,0,0,0,0,0,0,0,0,"Arriba son las repuestas de mayo, tambien hay repuestas por abril:
1: 2
2: 3
3: 2
4: 2
5: 1
6: 0
7: 2
8: 0
9: 0
10: 0
11: 1
12: 0",2,1,3,3,2,2,2,2,2,1,2,3,2,2,
496,Apr-Jun,WS,NA,2,1,0,0,0,0,0,0,0,0,0,0,"5: cocinar/lavar verduras -- no tenia de garrafon tampoco
12: por que no poder baniarse
General: quedaron sin agua de garrafon -- no daban a basto ... purificadora sin agua

Arriba son las repuestas de mayo, aqui son las repuestas por abril:
1: 3
2: 3
3: 2
4: 2
5: 3
6: 3
7: 3
8: 3
9: 2
10: 2
11: 3
12: 1",2,2,2,,3,3,3,2,2,2,2,3,4,1,
497,Apr-Jun,WS,NA,2,2,1,1,0,0,2,0,1,0,1,0,"5-la cortaron -- usar derechables
General: ""no entendia las preguntas, quiza no lee bien tampoco""

Las repuestas arriba son de mayo, aqui son las de abril:
1: 3
2: 3
3: 3
4: 0
5: 0
6: 0
7: 1
8: 3
9: 3
10: 0
11: 3
12: 0",3,0,3,2,3,2,1,3,2,0,3,3,2,0,