ID,MX1_W_SRC,MX1G_W_SRC_TR,MX1G_W_SRC_TR_FR,MX1G_W_SRC_TR_LT,MX2_WI_SEASON,MX3_CONT_INT,MX4_W_FREQ,MX4_W_FREQ_INFO,MX4G_FREQ_AWAR,MX5_WFREQ_HRS/DAY
331,Option A) del servicio publico,Si,camino no ecasea ( 1 c/ 3 anos) ,3 anos,semana santa si tiene buena presion,"continua (24 hrs del dia, 7 dias por semana)",Option A) diario,,"la usan cortante, abajo llenan boten y tambos ",8:30 a 1 o2 pm
332,Option A) del servicio publico,Si,solo una vez. no llego agua casi 1 semana. No avisaron. ,territorial-formarse- si cobran  ,cikires- Abril a Junio- todos usan x calor ,"continua (24 hrs del dia, 7 dias por semana)",Option A) diario,muy poquita- poca presion ,se darian cuenta porque nucleos usan misma pileta ,llega con mas presion en la noche- no siempre 
333,Option A) del servicio publico,Si,Piden pipas 3 veces por semana,"Ayer. Es privada, la piden. El agua de las pipas viene sucia ensucia los tinacos. La piden por telefono",En este abril reducen el agua. Porque la cortan.,intermitente: n/a,Option E) no ha llegado en las ultimas 4 semanas,,Si se dan cuenta porque es un edificio grande ,Llego por 20 minutos pero llego demasiado sucia. (No se podia utilizar). 
334,Option A) del servicio publico,No,Ninguna ,No se pedido pipa desde que vive ahi ,"En octubre del ano pasado escaseo, porque estaban dando mantenimiento. ",intermitente: 6 a 7 dias en la semana. Aveces hay todo el dia. Pero con poca presion. y otros dias se va como por 8 horas. ,Option B) 4 a 6 dias a la semana,,Siempre mantienen lleno el tambo y la tina ,"Se va por lapsos de tiempo. Toda la noche tienen agua, a las 10 de la manana se va. Cambian los horarios, por lo general tienen agua diario "
335,Option A) del servicio publico,Si,12 a 15 pipas al ano,"Hace 1 mes, delego de municipio la mandan 2 o 3 dias despues dejan 20002 a citerna (menos 1/4)",semana santa. marzo y abril- no saben si la cortan x tradicioner (labado de gloria) o podria ser escasea. En otra colonia les cae siempre,intermitente: ,Option C) 1 a 3 dias a la semana,beja la presion. Solo 4 veces cisterna se lleno ,Se escucha- cae en la noche. 12 am a 7 am todos los dias ,hubo 5 dias seguido sin caer 
336,Option A) del servicio publico,No,,,Parejo,Intermitente: n/a,Option A) diario,Muy confusa su descripción de cunda cae agua ,"Dejan llave abierta de pileta, en manana cierran, prenden tomba y va al tinaco. ",A vecen abren llave y no cae agua. Abren en la noche y en la manana ya se llena 
337,Option A) del servicio publico,No,,,"semana santa, porque desgastan el agua, calor. la cortan","continua (24 hrs del dia, 7 dias por semana)",Option A) diario,"a veces llega poca, pero todo el dia ",se dan cuenta- tuberia va directo a cocina- se darian cuenta ,"alrededor de la 12-1 tiene menor presion, pero hay simepre"
338,Option A) del servicio publico,Si,Probable x unica vez ,"Hace 4 o 5 anos, alredredo de 2 semanas sin ","no, estable ","continua (24 hrs del dia, 7 dias por semana)",Option B) 4 a 6 dias a la semana,se les acabo agua de pileta ,casi no estan en la casa. Abuela se da cuenta ,"Normal x todo el dia, en mes cortaron unos 5 dias "
339,Option A) del servicio publico,Si,unica vez en la vida ,20 dias atras. estaban arreglando tuberías- 2 semanas sin agua avisaron x tele ,no  ,"continua (24 hrs del dia, 7 dias por semana)",Option A) diario,,necesitan subir el agua ,todo el dia 
340,Option A) del servicio publico,No,No,No,No ve diferencia en todo el ano,"continua (24 hrs del dia, 7 dias por semana)",Option A) diario,,No tiene cisterna o tinaco/ No deja de caer el agua ,"Hay agua todo el edia, todos los dias "
361,Option A) del servicio publico,No,,,Semana santa- 2 semanas sin agua- no avisan- sabados de gloria ,intermitente: n/a,Option A) diario,Abril- si les falto- 1 mes habia poca y sucia. En las mananas usaban baten? 15 a 20 ,podria ser ,24/7 
362,Option A) del servicio publico,No,Una vez intento y no llego,corte de 2 dias ,suguia- junio o julio. Baja la presion peor calidad. Pero nunca se corta ,"continua (24 hrs del dia, 7 dias por semana)",Option A) diario,Hace poco mas de un mes- corte de 2 dias- 3 vecez al ano,si puefe ser. no se ve si no cae ,todo el dia
363,Option A) del servicio publico,,,Nunca,"Semana Santa. Saben que es para que el agua no se desperdicie, ",intermitente: n/a,Option B) 4 a 6 dias a la semana,,Aveces no se dancuenta hasta que abren la llave,4-6 dias a la semana no hay agua puede variar. 7 am a 10 am
364,Option A) del servicio publico,Si,so lo una vez en su vida ,fueron a turitorial- tardado mucha gente. 1 ano,cuando arreglan alguna plega? Corte en semana santa- 2 dias de corte ,"continua (24 hrs del dia, 7 dias por semana)",Option A) diario,,Si se dan cuenta. Se va nivel de agua. Varian familia ,todo el dia todos los dias 
365,Option A) del servicio publico,No,,,no-siempre tiener el tinaco o cisterna ,"continua (24 hrs del dia, 7 dias por semana)",Option A) diario,,Podria ser ,"Siempre, todo el dia "
366,Option A) del servicio publico,Si,"Temblor 2019- carca de 1/2 ano a cargar en casa de su mama, o vecina- le avisan a ella- contacto delegar rapido.",unica vez,Madrugada siempre hay y mejor presion mas o menos. Primavera- mar-abr- mayo x el calor,intermitente: n/a,Option C) 1 a 3 dias a la semana,,Cae poca pero cae// si se dan cuenta ,15 dias sin- Parcae llenar. Poca presion entoces tambo no se llena sole 
367,Option A) del servicio publico,No,,,Enero. Feb- mas bajo que otra veces ,"continua (24 hrs del dia, 7 dias por semana)",Option A) diario,Pero baja intensidad. Hubo fuga? desde entoces viene con mal olor y sucia- 3 meses ,Podria ser- nunca usan de la toma. Una vez quedo sin qgua en el tinaco. 1 mes atras llego dia siguiente ,baja intensidad- lavadero o cunado lavadora. 6 o 6:30 pm no hay intensidad antes el agua bajaba siempre normal
368,Option A) del servicio publico,No,,,No,"continua (24 hrs del dia, 7 dias por semana)",Option A) diario,"Hace 3 dias casi se acaba el agua cisterna, pero llego en noche. dejo de llega por dias anterior ",Si podria ser ,Ha llegado sucia este ultimo mes 
369,Option A) del servicio publico,No,,,Semana santa- deja de caer 3 dias- muchos utilizan. Ano comenzo a escasear- antes si habia ,intermitente:n/a ,Option A) diario,A veces llega en la noche en lugar de manana  ,Si usan llave de afuera ,mananas- se va a las 9 am ya no hay nada 
370,Option A) del servicio publico,Si,4 o 5 en el ano ,Hace 15 dias-- llegaron 2 cisternas gigantes ,marzo-desde abril antes de semana santa- cada ano reducen bastante. En otras feches es muy comun. ,intermitente: n/a ,Option B) 4 a 6 dias a la semana,Vecez les ponen agua 1 o 2 horas al dia/ ayer y hoy- constante semana pasada 1 hr al dia  ,n/a,este ano ya no ha entrado una 8 a 10 ocasiones// unos 6 dias x semana. 7 a 8 de la tarde- decir de vecinos- cuando todos pueden apartar  
390,Option A) del servicio publico,Si,,15 o 20 dias otras. Se formaron. Les dieron ficha--> les dieron 1/2 pipa. ,"Marzo- Abril, la cortan. Abril y Mayo este ano si escaseo mas- no caia x 8 dias ",intermitente,Option C) 1 a 3 dias a la semana,,n/a,"A veces 1 dia a veces 3. Usual cae miercoles, jueves, viernes, sabado mañana. A veces sole el viernes    "
391,Option A) del servicio publico,Si,2 o 3 veces al ano,"Hace medio ano, llamos ala alcaldia y la mandan, las pipas es para 3 familias  ","semana santa, abril, porque en este tiempo se mojala gente y por las vacaciones de la mayona?, desperdician el agua y la quitan ",intermitente,Option C) 1 a 3 dias a la semana,,Si deja de llegar ,"2 o 3 veces a la semana, algunas horas durante el dia o la noche"
392,Option A) del servicio publico,No,,,"Marzo- abril, no se porque ","continua (24 hrs del dia, 7 dias por semana)",Option A) diario,,Si nos damos cuenta si no hay agua porque estamos en planta alta y no sabe agua cuando no hay (edificio con 3 depto),Diario (24 hrs). En la noche hay mejor presion.
393,Option A) del servicio publico,No,,,"Marzo-abril, porque hace mas calor y se ocupa mas agua",intermitente,Option C) 1 a 3 dias a la semana,,si deja de llegar ,"Miercoles y sabados, de las 7 am-3 pm"
394,Option A) del servicio publico,Si,4-5 veces al ano,"Abril, vamos a pedir a la delegacion, nos apuntamos y esperar a que nos las den. El mismo dia van a llevarla, la pipa espara 3 casas porque no tiene cisterna ","Marzo- Abril hasta septiembre escasea, creo que es por las elecciones que nos la quitan ",intermitente,Option A) diario,,Si nos damos cuenta cuando no hay agua ,"Diarios, pero los dias que mas hay son jueves y viernes hasta 2-3 pm y los demas dias solo hasta 11 am. No cae en las noches ni madrugadas "
395,Option A) del servicio publico,Si,casi no,5 anos. Entre todos los vecinas fuimos a la alcaldía a pedir la y en la noche lego la pipa,"Marzo- Abril, en semana solo avisan que van a quitar el agua ","continua (24 hrs del dia, 7 dias por semana)",Option A) diario,,si nos damos cuenta ,Diario 8 am-5pm
396,Option A) del servicio publico,Si,1 vez al ano,"el ano pasado marcar o ir a la alcaldia, nos mandan para 5 familias ",No ha puesto cuidado ,intermitente,Option A) diario,,siempre nos damos cuenta ,"2-3 veces a la semana, todo el dia y noche"
315,Option A) del servicio publico,Si,2 veces,"8 días--suegro se fue a formar a ""Los Arcos"" módulo se amtan--gratuita propina-si dan más se siente obligados a dar más. Pocas veces les falta. Pielta que tiene les alcanza. +de media pipa","Semana santa, porque se de perdicia más sacar albercan se mojan. Diciembre tb llega menos --siempre cuñada visita y no hay agua","Cuando deja de llegar a 2, 3, o 4 semanas","4~3 semana no llegó, pero si llegó hace 3 días (todo el día) ","""Cuando ellso quieren--secr.. (no puedo leer hay el ""hole punch) de agua--abren y cierran llave","Llave se deja siempre abierta. Si no se encuena chorrito--es muy perceptible si les falta--suegra ella no, 3er piso, suegra avisa",No hay una respuesta especifica
319,Option A) del servicio publico,Si,2 veces x año,"Hace 20 días, semana santa, la cortaron 1 mes, se avisó x internet--xq no había en lutzanda. Formarse modulos dilega---papá--cerca, en los Arcos. 2 vecinos x pipa. (Las palabras son muy dificil para leer)",Usualmente semana santa. Abril. Usualmente tiena.,Intermitente,Option A) diario,"Hay un ""?"". También: ""Hace 2 semana llega diario, pero 8 am hasta 2 pm---Reciente. últimas 2 semanas avian todo el día . Antes de eso, nada por 2 semanas.","Se da cuenta porque, cocina al lado de cisterna y suena cuando llega. Hay un frotador pero igual esta perdénte de g un se rigue. ","No hay una repuesta. Las otras preguntas dice: Hace 2 semana llega diario, pero 8 am hasta 2 pm---Reciente. últimas 2 semanas avian todo el día."
320,Option A) del servicio publico,Si,1 vez al año,"1 año. Se forman en la temitonal, a veces tarda todo el día","En la temporada de calor, febrero, marzo, abril. Quíza xq en esta época la gente la usa más.","Lunes a domingo, 9 am a 12 día",Option A) diario,,No,"Lunes a domingo, 9am a 12 día"
341,Option A) del servicio publico,No,,,En este año empezo a escasear desde marzo hasta la fecha. Antes si había,"Todos los días, de 7 a 10 de la mañana",Option A) diario,3 o 4 horas,No. Como siempre están llenado con manguera los botes/tinas si se dan cuenta.,De lunes a domingo sí hay agua sólo de 7am a 10am.
342,Option A) del servicio publico,Si,2 veces,2 años. Llamar o ir a territorial. Dueña no vive ahí. In,Sin patrón. A veces,Falta 3 días al mes,Option B) 4 a 6 dias a la semana,"Puede que no llegue todo el día, pero si en la noche",,"Poca, sucia, solo para sanitarios y limpiar casa. No ropa xq sale con tierra. Y han estado 3 días al mes sin agua."
343,Option A) del servicio publico,Si,Unica vez,2 años -- x telefono o andar del gob. en cable,"3 meses cae, luego 15 días no, o 1 semana. xq construyen y rompen, atan haciendo depoto y se paró x 15 días.",Intermiente,Option B) 4 a 6 dias a la semana,,No hay,Variable. Baja mucho la presión. Llena todos sustembor y luego sugite en fila.
344,Option A) del servicio publico,"No, Hace 2 años fue la última vex que pidieron agua.",,,Marzo-abril-semana santa. Por los calores,Varia. A veces por las noches a veces todo el día con baja presión,Option A) diario,En las noches y un rato,"Sí, se dan cuenta si deja de caer porque no hay cisterna",Cae diario en la noche y se va como a las 11 de la mañana. Ahorita cae todo el día pero baja presión.
345,Option A) del servicio publico,Si,Años pasado: 3 veces x año. Actualmente una pipa en lo que una del año/ ,"Hace un mes. Llaman por telefono a la delegación, (hacen cita) la llevan al domicilio.","Abril, por el calor","Lunes, miercoles y sábado, 3 horas x día",Option C) 1 a 3 dias a la semana,,Siempre se da cuenta. (No tiene tinaco o cisterna),"Llego cada 3 días, lunes, miercoles y sábado. 3 horas x día."
397,Option A) del servicio publico,No,,,"todo el ano cae igual, en la noche cae mas. en la tarde todos lavan ",intermitente ,Option A) diario,,podria ser ,todo el dia/ sabado falta- cae menos y se corta a las 2pm. Regresa en madrugada. 
398,Option A) del servicio publico,No,,,Hay todo el ano ,intermitente ,Option A) diario,,Deja de cae pero si nos damos cuenta ,"Diario, por las mananas de 6-12 am "
399,Option A) del servicio publico,Si,3 al ano ,viene alcaldia da pipa/ 3 meses le falto/ 1 x semana no cayo,semana santa. aveces avisan que no va a cear,intermitente ,Option C) 1 a 3 dias a la semana,,tiene que checar llave ,"jueves viernes, a veces sabado, a veces 7am- 2 o 3 pm"
400,Option A) del servicio publico,Si,3-4 veces ,"Hace un mes mis abuelitos son quieres regulan esto, no se como les hagan, la pipa reparte en 3 casas ","Escasea en marzo-abril, no se por que ",intermitente,Option A) diario,,Si nos damos cuenta de cuando no llega el agua porque nosotros abrimos la llave de puso ,Diario de 9-12 pm. despues ya no hay en el dia ni en la noche 
401,Option A) del servicio publico,No,,,Verano-mayo a julio. Cae solo miércoles y a veces jueves,Intermitente,Option C) 1 a 3 dias a la semana,,," Martes, miércoles--mañana y noches--> 5am a las 9 o 10am, 8pm a 12 am. También la mañana jueves"
402,Option A) del servicio publico,Si,1 x año,Nov-diciembre del año pasado (6 meses atrás)--x teléfono--pipa delega--fácil pero si tardó llamaron y tardó una 4-5 horas,"Semana santa--quitan y avison - 1 semana, xq gente se aumenta agua. Coente fienta y se aumentar agua igual.",Intermitente,Option C) 1 a 3 dias a la semana,Cada 3er día,Constantemente revisan llave y tiene que checar. Cuando cae aprocechan de hacer todo.,"Cada 3er día. Llega a las 10 am, se va 8 pm o a veces llega en la noche o tarde. Roro q pasan más de 3 días--> vecinos a 1 calle les cae y a ellos no."
403,Option A) del servicio publico,Si,2 veces en total,1 año atrás. Dueño de casa la pide,"Abril--todo el mes no sabe porque, casi todo el mes cae poco, todos los días pero menos.",Intermitente,Option A) diario,,,"Diario, 8 o 9 am hasata 12 pm"
421,Option A) del servicio publico,No,,,abril- 1 vez a la semana- a lo mejor por semana santa ,intermitente ,Option A) diario,,podrian darse cuenta- tinaco ,todos los dias 9 am a 12 pm 
422,Option A) del servicio publico,No,,,"Marzo- Mayo, creo que porque disminuye en el cutzamala? ","continua (24 hrs del dia, 7 dias por semana)",Option A) diario,,"creo que si deja de llega, pero por la cisterna y tinaco no nos damos cuenta ",En mi casa ha tenido agua diario pero por la cisterna no nos damos cuenta 
423,Option A) del servicio publico,Si,4 o 3 veces ,participante- pipa--> tambos y botes// otra fam tiene su tinaco. van a territorial formarse a las 8 am- reporten hasta las 9.,Semana santa- Abril- no abren toman- hasta una semana. abril hasta julio ,intermitente ,Option B) 4 a 6 dias a la semana,,no,varia. ne es predecible usual/ en las mananas// a veces poca 8:30 am a 11:30 am.  
424,Option A) del servicio publico,No,,,"Abril, porque en este tiempo gastan mas agua, y entoces la disminuyen. creo que por lo del sábado de gloria ",intermitente,Option B) 4 a 6 dias a la semana,,"Si pasa, deja de llegar el agua, pero tinaco no nos damos cuenta ",In general hay casitodo? la semana. Pero martes y jueves son los dias 8 am a 1-2 pm. Que hay mas presion y continuidad 
425,Option A) del servicio publico,Si,menos de 1 ano ,anos astras--> persona de alcaldia--> ir a anotar en una lista --> fue tordado pero facil ,Mayo- Junio el calor -> el calor y se empieza a secar ,intermitente ,Option A) diario,,escuchan cuando se empieza a llenar ,diario--> 9 am a 12 pm
426,Option A) del servicio publico,Si,Casi no pasa ,"semana santa, el jefe de manzara? la pide en la territorial y liga el mismo dia, 1 pipa para 1 casa. ",Este ano paso en samana santa que nos quesdamos sin agua y  pedimos la pipa ,intermitente ,Option C) 1 a 3 dias a la semana,,Si deja de llegar pero si nos damos cuenta ,Martes y jueves (todo el dia) Sabado (7 am- 1 pm)
427,Option A) del servicio publico,No,,,Si,intermitente ,Option A) diario,"Cae poco. Se fue agua 3 dias, le pedi bote a vecinos hace 3 semanas. Se les va a veces (menos de 1 vez x semana) ",n/a,8:30 am- 12 pm
428,Option A) del servicio publico,Si,3 veces al ano ,"Casi un ano. Tenemos que ir a formar en la subdaleguin??, 4 veces el mismo dia la mandan. 1 pipa para unas casas  ",En abril escasea no se porque quiza sea por lo del sabado de gloria y por eso no las quitan.,intermitente,Option A) diario,,si deja de llegar el agua y si nos damos cuenta porque tenemos que llenar los botes ,Todos los dias hay de 9:00 am hasta 12-13 hrs se va el agua. Es raro que haga agua 
429,Option A) del servicio publico,Si,6 a 7 veces ,avisan en un grupo de whatsapp y ahi no anotamos. Entoces la mandan el mismo dia ,Marzo-abril y aveces en noviembre. Dicen que en marzo escasea por lo de semana santa ,intermitente ,Option B) 4 a 6 dias a la semana,,Si deja de llegar el agua y si nos damos cuenta aunque tenemos la cisterna. El agua de la cisterna. La ocupo para lavar ropa y el de los botes la usamos para bañarnos por eso me doy cuenta cunado llega la agua que las lleno diario ,4 dias a la semana de 8 am a 12 pm. Jueves de 8 a 3-4 pm
430,Option A) del servicio publico,Si,1 vez ,"abril se van a formar y la mandargen?? dias siguientes, media pipa para una casa ","en epoca de calor, por que es cuando mas se utiliza el agua ",intermitente ,Option C) 1 a 3 dias a la semana,,"Si deja de llegar, pero .... muchos hay que estar prendiendo la bomba continuamente y si nos damos cuenta ","varion los dias, pero llega 2 o 3 veces al dia, en las mananas desde 8 am-12 pm"
451,Option A) del servicio publico,No,,,semana santa- cae menor presion- disminuye-- prevenir y se niegue  ,"continua (24 hrs del dia, 7 dias por semana)",Option A) diario,a vecez cae poquito ,"si, probable/ seguro cuando limpiaron dejo de caer  ","lavaron pezo, caia menos pero nunca se corto "
452,Option A) del servicio publico,No,no,no,no identifica ninguna epoca ,intermitente ,Option C) 1 a 3 dias a la semana,,no hay tinaco ni cisterna. se da cuenta inmediatamente cuando deja de caer.  ,"esta ultima semana todo el dia. Aveces por las tardes se va. Pero dice que ultimamente todos los dias llega (la ultima semana). La semana pasada, so 6 salia en la noche"
453,Option A) del servicio publico,No,,,junio-julio--> baja presion--> no tabe. hay fechan en las q tiene muy sucia ,"continua (24 hrs del dia, 7 dias por semana)",Option A) diario,baja de presion- aveces ,n/a ,por las tarde cae muy poquita--> nunca han cuidado?? agua 
454,Option A) del servicio publico,No,nunca,nunca ,"todo el ano es igual. en canal de charco, de ahi surten agua y les afecta cuando cierran","continua (24 hrs del dia, 7 dias por semana)",Option A) diario,llega todo el dia ,Hace un mes dejo de llegar. Pero tenia agua por el almacenamiento. Si se da cuenta ,"Lunes a domingo, todo el dia"
346,Option A) del servicio publico,Si,"Este año fue más, casi desde febrero. Año normal, 10-15 veces","Hace 2 semanas, abril. Da telefono de delega-->dan 2 veces x semana en con colonia. Sa Antonio toca lunes y martes, otras casas otro día.","Semana santa, febrero, abril. unos días antes y después--para que no la tiren",Intermitente,Option C) 1 a 3 dias a la semana,"Salió sucia luego ha había ect. Esta semana diario, antes duraron como 1 mes sin agua.","Cisterna es pequeña, si se dan cuenta","Diario ultima semana, desde temprano hasta la 1 pm--deja de caer"
347,Option A) del servicio publico,Si,2 veces,Hace 2 meses,En semana santa=marzo-abril. Porque la gente deperdicia agua,Llega 3 días a la semana en las noches y madrugadas y en el día casi no cae agua. 5-6 horas de poca agua,Option C) 1 a 3 dias a la semana,,Sí se da cuenta cuando abre la llave. Directamete de la llave no se puede lavar porque sale poca.,Llega 3 días a la semana en las noches y madrugadas y en el día casi no cae agua. 5-6 horas de poca agua
348,Option A) del servicio publico,No,,,Abril. Porque la quitan por el sábado de gloria de semana santa,Diario de 12-1am a 7-8 am,Option A) diario,,Sí deja de caer,Diario de 12-1 am hasta las 7-8 am
321,Option A) del servicio publico,No,,,"Julio-Agosto, en época de lluvias. Quizás porque sus vecinos sí tienen algunos captación de lluvia.",Intermitente: Lunes - domingo de 8:30 a 9:00 a las 12:00,Option A) diario,"en semana santa a ella no le quitaron el agua, quizás porque el conducto es ""prinapa"". Escuchar audio",No,Lunes-domingo de 8:30-9:00 am-12 día
349,Option A) del servicio publico,No,,,"Primavera, abril-mayo-->cae menos",Intermitente,Option A) diario,,"Con tambo hay que hacer--> cuando llega a mitad o menos, ahí lo rellena y se da cuenta. La rellena una vez al día. Directo de llave solo usa para bañarse.",6 o 7 pm hasta día sigte-->solo a veces. A veces cae todo al día. Siempre a veces no en mañana.
322,Option A) del servicio publico,Si,2-4,"A finales del año antes de octubre. Te formas, en la territorial desde temprano. Y es una pipa p/2 familias.","Sí, en semana santa porque la gente la desperdiece mucho. Se las avitan como 15 días y deben pedir pipa.",Lunes a domingo. de 8:30 a 11:30 am.,Option B) 4 a 6 dias a la semana,,,Lunes a domingo. de 8:30 a 11:30 am.
350,Option A) del servicio publico,Si,1 vez al año,Hace un año,Semana santa (marzo y abril). Creo que lo hacen porque le cieran a la llave para que no se desperdicie el agua.,"continua (24 hrs del dia, 7 dias por semana)",Option A) diario,,"Si nos damos cuenta, llega un chorrito a ves pero si llega","Diario, en la noche llega con más presión de 12:30 a 4 am. En el día disminuir la presión, no llega a la tarde."
323,Option A) del servicio publico,Si,1,Pandemia. Van a la territorial y ahí la solicitan gratis.,Semana Santa. Por la tradición de mojarse.,Intermitente: Diario de lunes a domingo. 20 mins en las mañanas como a las 8:00 am.,Option A) diario,Diario de lunes a domingo. 20 mins en las mañanas como a las 8:00 am.,,Normal le llego.
371,Option A) del servicio publico,No,No xq no tienen cisterna,,"Abril--dice que es x arreglos, xq la de perdician. Ella cree que cierran la forma --xdesperdicio",Intermitente,Option C) 1 a 3 dias a la semana,Cae pero muy poca--llenar bote de 20 Lt toma 2 o 3 horas--no sabe si no hay presión. No tienen bomba.,"Mañana con mucha presión pero muy sucia, si se dan cuenta. No tienen bomba.",Esos 3 o 4 días por semana --> solo mañana o madrugada. Lava a las 4 am
372,Option A) del servicio publico,Si,1 vez de año,"Hace medio año, ponen anuncios o páginas, llamaos y llegan las pipas en 1 día",Julio es el mes que más escasea; no sé porque suceeder quizá sea por las tuberías que se tapan con las lluvias.,"continua (24 hrs del dia, 7 dias por semana)",Option A) diario,,Me doy cuenta aunque se llenan las tinancos,"Diario hay agua, en estos horarios. 8am-12 día. Hay mayor contidad de agua, después ya no hay."
324,Option A) del servicio publico,No,,,En semana santa si se las quitan todos los domingos de ese lapso porque tienden a mojarse.,Intermitente,"Solo llega los domingos como dos horas de 5 am o 6,7 am",,,No hay respuesta.
373,Option A) del servicio publico,Si,"2x año, marzo o abril--regularmente pide en esa temporada. Piden pipa: pasa x fuera y piden. Si no pasa van a delega a pedirla. Es tedioso, complicado. Hay que corretear a la pipa. Si es delega--gratis, si en aparte--60~70 pesos",Hace 3 semanas (abril)--no llegó de llave x 3 o 4 días.,Marzo y abril--imagina es porque se araba agua de cutizanale a encauz.,"continua (24 hrs del dia, 7 dias por semana)",Option A) diario,Llega minimo--1 hora y poco,Si se dan cuenta--todo se llena manuel,"8am y a veces se va a las 9. Si suerte, 12 pm--todo el año resto. Este mes solo 1 hora"
325,Option A) del servicio publico,No: porque no tienen donde almacenar,,,Semana Santa la quitan. Se la quitaran 1 semana.,Intermitente,Option C) 1 a 3 dias a la semana,"Lunes, martes, miércoles de 8 am - 12 día.",x,Se toman para apartar el agua. Se organiza c/sus vecinos y su esposo. entre todos se ayudan. (flecha a la pregunta 4)
326,Option A) del servicio publico,Si,poco frecuente. A lo mejor 2 o 3 semanas seguidas en un periodo del año (abril-mayo).,"semana pasada. lo piden a la delegada, gratis (encargados de cisterna).",abril - mayo.,Intermitente--> presión baja mucho en el día. Tiran tinaco,Option A) diario,"poquito, por las noches--> madrugada--> llega a cisterna, luego mañana (8 a 10) encienden bomba y mandan a todas las casas.",,No hay respuesta.
374,Option A) del servicio publico,"No--porque no pueden subir las pipas y no hay acesso (es en lo alto de un corro, las calles son empinadas)",,hace 10 años,"Marzo-abril. Porque es temporada de sequía y por las fechas hay quienes la desperdician (semana santa), también en este penado lavan o dan mentemineto al cueresma.",Intermitente,Option B) 4 a 6 dias a la semana,,"Si deja de llegar, nos damos cuenta cuando llega el agua","Hay agua en día vi y un día no, en las mañanas de 9am-12 pm"
327,Option A) del servicio publico,No,,,igual,No hay respuesta.,Option A) diario,algunos días llega poca. tilito. Hay días en que sale más de lo regular.,,No hay respuesta.
375,Option A) del servicio publico,No,,,"Marzo, no sabe porque. 2 o 3 semanas que no llega nada. Imagina que es porque vaca y semana santa",Intermitente,Option C) 1 a 3 dias a la semana,,No hay una repuesto,"Miércoles, todo el día"
376,Option A) del servicio publico,Si,2 veces,"Hace 4 meses, se pide en la territorial hay que formarse desde 6 am a 11am. En este mismo día llegan a casa","Semana santa (marzo), reducen la cantidad de agua de por sí en estas fechas","cada 15 días, 2 días enteros",Option D) en todo el mes 1 a 3 veces,2 días cada 15 días,No llega,Cada 15 días hay 2 días enteros
328,Option A) del servicio publico,Si,cuando no cae 2 o 3 semanas. cisterna chiquita. Menos de media pipa.,ahorita no han pedido. hace 2 años. formarse por la joya.,"Marzo, Abril, Mayo, Junio. tiempos de sequía, disminuye. poco no sube c/fuerza. La usan bien no desperdician.",Intermitente,Option A) diario,pero poca,Si no cae a las 9 ya no cae.,9 am ~ 12 pm u 11 am.
329,Option A) del servicio publico,Si,,"3 años atrás--cambio de tuberías.
--> marcaron desde admin pub. del agua--> servicio gratuito de pipas, pocas personas sabían.","Al año, cortan 3 veces al año. Se ha ido hasta por un mes. Primavera--mojarse por semana santa--> escasea más llega poca. Puede que llegue de 6 am a 10 am.",Intermitente,Option A) diario,excepto 1 día 1/2. ,"hace 3 días cortaron agua--1 día y medio c/agua de cisterna. Abuelo se da cuenta--manguera conectada a toma--suena, saben que llega.",6 am~12 pm
377,Option A) del servicio publico,Si,,"Más de un año. Abuelos - antes llamaba a alguien, ahora tiene que ir a personalmente","Semana santa, avisan que es x sábado de gloria. Nomalamente les cae diario. Y a veces en diciembre--llega menos--trabajadores de vacciónes",Intermitente,Option B) 4 a 6 dias a la semana,última semana faltó materes y domingo,"Se dan cuenta. Enrada-->tinaco, cisterna, persona abajo",8 am hasta la 1 pm (chorrito) mejor presión hasta las 11
378,Option A) del servicio publico,Si,6 veces al año,"Hace como 3 meses, se pide en la subdelagación hay que formarse y dan fecha, ese mismo día llega la pipa a casa","En abril y mayo porque en semana santa se desperdia el agua por las celebraciones, entonces reducen la cantidad de agua a las casas.",1 vez a la semana,Option C) 1 a 3 dias a la semana,,"Si nos damos cuenta caida que llega, porque tenemos una llave directa de la toma de agua.","1 vez a la semana llega el agua, varía el tiempo que hay agua. en ocqsiones hay agua todo el día, y en otras sólo algunas horas."
351,Option A) del servicio publico,Si,1 por año,hace 2 semanas. formar una delega o pedir informa cuando pasan. complicado.,"primavera-semana santa --> se corta porque mucha gente desperdicia, o hay fugas",Intermitente,Option B) 4 a 6 dias a la semana,se corta completa %,baja nivel de agua --> se dan cuenta,"cuando falta, llega 2 am a 6 am. en la tarde tipo 12 o 1 pm deja de llegar. 
--> en otros meses, aunque poco, caía siempre."
380,Option A) del servicio publico,Si,1,"Hace un año, se piden en la territorial y ese mismo día llegan a la casa","Marzo-abril, en la delegación disminuye por las celebraciones de semana santa",Diario 9 am-12 pm,Option A) diario,,Si deja de llegar,Diario en las mañanas de 9 am a 12 pm
404,Option A) del servicio publico,Si,,2 años o más--delega-formarse aquí en Itye Acehueltepo,Todo año parejo,Intermitenente,Option B) 4 a 6 dias a la semana,"27 al mes (3 no)
A veces cae un día si, un día no",Podría ser que no llega y no se da cuenta--> abuela (no puedo leer esta palabra) cisterna ,7 am a 1 pm
405,Option A) del servicio publico,Si,1 x año--solo cuando se rompe tuberías o hay escaseo,"Enero, hace 4 meses--formarse en subdelega (kiosko) se asistan desde 9am. Tedioso. Quita tiempo llegar temprano desde las 7 am. Se anotan y luego llegó a las  1201 (5 horas).",Semana santa-la quitan x gente q la tira,Intermitente,Option C) 1 a 3 dias a la semana,,Deja llave toma darto. Dejan abierta antes de cuando dormir o sabe q va a caer--se dan cuenta de q se llena si se riega.,"Llegó el sábado --8 días sin agia. cada tercer día (lunes, miercoles, ect)--x horario solo mañana (10 am - hasta 3 pm)"
406,Option A) del servicio publico,No,Nunca,Que ella sepa nunca ha pedido,"Abril, porque arreglaron las tuberías","Todos los días, 5 horas al día",Option A) diario,,No hay tinaco ni cisterna,Lunes a domingo 11 pm a 10 am. Durante el día cae muy poca
455,Option A) del servicio publico,Si,unica vez hace 5 anos,hace 5 anos- falta de agua- despues del terremoto- 1 semana sin agua- la que caia estaba sucia  ,no,intermitente,Option A) diario,,Si se dan cuenta. Donde lavan trastes- conectado a toma principal  ,24/7 
456,Option A) del servicio publico,no response ,nunca ,nunca,En semana santa cierron el suministro de agua,intermitente ,Option B) 4 a 6 dias a la semana,,Siempre se dan cuenta. Asi sacan agua del tinaco,"Lunes a viernes 8 am a 5-6 pm- Regente, los ultimos 4 meses- dicen que se la roban las pipas antes llegaba diario todo el dia "
457,Option A) del servicio publico,Si,2,1 ano- cortaron 1 mes- pilan para pedir pipas- larga lista de- piderion privada- muy larga- mejot calidad que publica ,si. mayo y abril--> 1 diario a la semana cuando hacen limpieza ,intermitente ,Option C) 1 a 3 dias a la semana,puede ser cualquier momento. Puede ser cae solo en landone??,si se dan cuenta ,dejan abierta llave y escucha (cisterna) // 6 am a 8 o 9 am 
458,Option A) del servicio publico,No,nunca ,nunca ,Mayo- Junio. Se sienta mas calor y todos quieren banarse cada lado ,intermitente: 5-6 tinacos de agua al dia ,Option A) diario,,no se dan cuenta por el tinaco se dan cuenta cuando empiezan a lavae ,"diario, de lunes a domingo. 6-5 de la manana/ se va como a las 10 de la manana. seva por completo "
459,Option A) del servicio publico,Si,2 o 3 anos no han pedido- le cae de la red-- si se alcanse a leenar. ,participante la pide para todo unidad- febrero. 1 semana sin agua- filtrado segun- edificio debe ser 30 anos de antiguedad  ,abril- mayo--> 3 dias sin agua. Dicen en x sequia x calores--> ella si creo eso,intermitente ,Option A) diario,,a veces- trabaja ,"lunes- poca presion hasta mediodia (deja de caer). martes- madrugada. miercoles, jueves, y viernes- poca. 8 o 9 pm se corta de nuevo "
460,Option A) del servicio publico,No,,,marzo: cayo menos pero no la cortaron. Ano pasado corte x 5 dias. dicen q x mantenimiento- ella cree q se perdieran mucho x semana santa ,interminte ,Option A) diario,,solo llena cuando lava o via mucha agua--> y llenas tambos y tinacos. si se da cuenta. ella llena cisterna ,8 am a las 12 pm. diario 
481,Option A) del servicio publico,No,,,"Semana santa- 3 dias, 1 semana cuando cae, cae poca--> cuando se gasta mas se tiene mas ",intermitente ,Option B) 4 a 6 dias a la semana,pregunat 1) problema de aciero? cierra??--> se junta rope y parte  ,tiene q checar todo el tiemp,8 am a las 2 pm (casi siempre) 
482,Option A) del servicio publico,Si,1 vez en la vida ,hace 6 anos- no turo agua x 1 semana-- luego llego el agua ,no cortan durante semana santa. cuando hacen arreglos- 2 o 1 vez al ano les avisan a veces les cae igual ,intermitente:,Option A) diario,Donde ha vivido siempre hay agua ,se enteran- abuela--? dividió lava ropa y trasten?? // no puede lavar si quede menos de la mitad del tinaco ,5 pm se va. vuelve 9 pm. rento del tiempo le cae 
483,Option A) del servicio publico,Si,1 x ano,1 mes sin agua x dos meces--> no avisaron --> pidio admin// la ponian 10 min a las 7 pm ,abril- mayo- no avisan. 15-10 min al dia. Supuesta x admin tom una decision. no saben cunado cae falta en una epoca x semana santa- no sabe x epoca ,intermitente ,Option A) diario,,comunidad ,"24/7, podria ser en cualquier momento- pero solo unos dias poco ??"
484,Option A) del servicio publico,Si,varias x ano. aveces 2 x semana-- total 8 o 10 pipas,antes de ano quitaron en noviembre no avisan. marzo-abril casi 2 meses admin les pedian $50 por persona- para pedir- no tador por venir pagan ,"marzo-abril-- en noticiar dejeron donde llega el agua habia sequia- cutzamala??. casi siempre dan en a escuela, cae muy poquito--> mas 2 dias en la cae nada--> piden pipa ",intermitente ,Option A) diario,,connuntaria?  ,24/7 
485,Option A) del servicio publico,No,nunca,nunca ,abril- mayo les dijeron que estaba poniendo nuevos ductos  ,intermitente ,Option A) diario,hace 15-20 no llego una semana,"si hay veces que no se llena, asi saben que no llego el agua ","lunes a domingo todo el dia, cae muy sucia. se hace ""babosa"" el tinaco. lo tiene que estar lavando"
486,N/A,Si,este ano: 10// normal = 10,un mes- abril ,abril- cae poca- se desperdicia much0--> hacen limpieza ,intermitente ,Option A) diario,,,24/7 
487,Option A) del servicio publico,No,nunca,nunca ,primavera (por los calores) este ano febrero- abril. decian que el agua se robaba el agua de alla. ,"continua (24 hrs del dia, 7 dias por semana)",Option A) diario,"desde mayo todo el mes, llega diario. En abril- solo llegaba en las noches. febrero- abril",en la noche se llena la cisterna y a lo mejor por eso no se da cuenta ,"todos los dias. todo el dia. Abril todos los dias, so lo en la noche. ni la cisterna se llenaba "
488,Option A) del servicio publico,No,,,"marzo-abril--> deho de caer- muy poquita, de noche y sucia. Todos los dias sob? noche. Se le alcanzan? a llenar el tinaco ",intermitente ,Option A) diario,,no se da cuenta ,24/7 
489,Option A) del servicio publico,No,,,Tiempos de calor abril- mayo. se estaban llevando el agua de los pozos en este ano,"continua (24 hrs del dia, 7 dias por semana)",Option A) diario,escasez febrero- marzo: solo les falto 2 veces. Nunca dejo de caer. Baja Presion- empezo a salir sucia ,No. tienen llave directo. Ella no le abastece el tinaco,"Lunes a Domingo, todos los dias. Marzo- Abril por horarios caia poca agua. 1- 10pm "
407,Option A) del servicio publico,No,No consideraron llamar pipa. (mucha agua). Alguien comentó que podían compartir piap pero no lo hicieron.,,"Abril-este año, antes no les había faltado. Cae poquito pero no había faltado ahí. Escucharon en noticia que iba a faltar pero no pensaron que sería aquí. Estuvieron 30 días sin agua--tuvieron que comprar garrafón.",Intermitente,Option C) 1 a 3 dias a la semana,,"Golpea tinaco para saber-->nueco-->vacío
x sonido",Cada 3er día--mañanas. Lunes. Se escucha--> varía-a veces todos los días o se salta 1. pero llego 1 o 2 hora al día
408,Option A) del servicio publico,No,,,Abril-mayo. Por el calor que hace,"continua (24 hrs del dia, 7 dias por semana)",Option A) diario,Todo el día,"Dejó de caer 2 semanas en la colonia, pero nunca le dejó de caer (a los de más les deja de caer agua a la 3 pm) a ella por los tinacos y cisterna. En la colonia hasta 3 horas al día. Pero a ella no le afecta por el almacenamiento.","Lunes a domingo, todo el día. Por el almacenamiento."
409,Option A) del servicio publico,No,,,"Semana santa, que cierran las tomas. Caía muy poca. Si hubo siempre","continua (24 hrs del dia, 7 dias por semana)",Option A) diario,Sucia a veces--en las mañanas,No solo llave,Todo el día
410,Option A) del servicio publico,Si,2 veces este año,En febrero y hace como 20 días. El proceso es difícil. Se tienen que organizar  juntar y llenar papeles ir a formarse,Semana santa. Cree que el gobierno cierra el suministro para que no la tiren,Intermitente,Option C) 1 a 3 dias a la semana,,Si se dan cuenta (por la llave),"Ahorita llega 7 días a la semana lunes a domingo (ultimanente). A veces hay en la mañana o en la noche, no sabe a que hora hay agua."
431,Option A) del servicio publico,Si,1 vez,"En semana santa, nos tenemos que ir a formar a la territorial y los llega ese mismo día o al siguiente, 1 pipa es para 2 o 3 casas","En semana santa, porque es cuando mucha gente la tira y por eso la cortan.",Intermitente,Option C) 1 a 3 dias a la semana,,Si nos damos cuenta aunque hay tinaco,1 a 3 veces a la semana de 8 am a 1 pm
352,Option A) del servicio publico,Si,Hace un año sí tuvimos que pedir.,"Hace una año, íbamos a la territorial tenía que formarme desde muy temprano.","Desde abril a mayo escasea, supuestamente porque están limpiando el Cutzamala y cierran las llaves.",Intermitente: 4-6 días a la semana,Option B) 4 a 6 dias a la semana,,"Sí ha dejado de caer, en esta semana 2 veces.","Generalmente hay de 4 a 6 días a la semana de 6 am hasta las 13:00 hrs, a partir de este horario cae menos, un chorrito. "
353,Option A) del servicio publico,No,,,"Marzo-abril, creo que está relacionado con que no llueve en estos meses.","continua (24 hrs del dia, 7 dias por semana)",Option A) diario,,"No, siempre hay aunque sea poquita.","Todos los días hay, mayor presión de 10 pm a 9 am. En el día solo cae un hilito."
354,Option A) del servicio publico,No,,,"Esta época--inicio primavera. por temperatura ella cree, otras veces dicen que es por mantenimiento
amiga--> no hay tanta lluvia. ",?,Option A) diario,"No sienten tanto por tinaco, de las 4 semanas, 2 semanas no hubo","todos trabajan, no están en casa, no usan tanto","normal-diario-->todo el día. Podrían no darse cuenta por tinaco
--> presión mejor en la mañana--cae menos a las 11 am. no baja tanto"
355,Option A) del servicio publico,Si,no el resto del año,hace 2 años--> 6 meses sin agua,temblores estable -- o cuando reparan o limpian Cutzmala,"continua (24 hrs del dia, 7 dias por semana)",Option A) diario,Teo Alvarez de Castillo--> podían sacar c/cubetas de tinaco de la alcaldía,"Sí, porque es edificio",todo el día
432,Option A) del servicio publico,No,,,Desde 2 años no les había faltado hasta un mes. Casa anterior: temporada de calor x escasez--abril-mayo,"Continua excepto ultima mes, más frecuente q falta. Caía solo en mañana y noche",Option A) diario,,No se daría cuente--pero se asegure de llenar pileta--cuando baja nivel,"Todo el día, pero hace en mes caía desde madrugada a la 1 o 11am--se saltaba 2 días sin caer---no fue avisado, cree que en xq hay escasez o xq manteamiento"
356,Option A) del servicio publico,Si,una vez hace 6 años,6 años. Fueron a la delegación a pedirla,En agosto ha notado que baja la presión. ha oído en las noticias que no hay abastecimiento de agua. En temporada de lluvias hay mucha agua.,"Intermitente: Diario, 3 horas al día. Les alcanza el agua. -Casi no usan la bomba.",Option A) diario,,"Deja de caer a las 14 del día. Sí, se llena solito y no se dan cuenta. pero ella save que a las 14 ya no hay agua",Todos los días cae agua. Menos 1 día hace una semana que hubo reparaciones. Diario. llega a las 8 am a 11 am.
433,Option A) del servicio publico,Si,1 vez x año--mayo o abril,Hace 1 mes--llamar a pipa pública,Abril-mayo. 1 semana en que cae x ratitos. Pensaba que es porque es escasez y hay quierer dicen que pipas privadas que la roban y venden--aprovecha para sacar lo que quede y venderlo. 4 o 5 horas que esta varío el tinaco.,"continua (24 hrs del dia, 7 dias por semana)",Option A) diario,Ahora,Puede ser,Sí 24/7
357,Option A) del servicio publico,"Sí, cisterna del condominio",2 a 3,20 días atrás. administrador. año pasado: se descompusieron bomba del condominio,"no ha puesto atención. A veces pasan cosas con agua, pero no sabe",Intermitente,"2 semanas no llegó, cisterna 3 semanas-diairo",,"no sabria...
todo pasa por tinaco. se dan cuento cuando se acaba",siempre últ. 20 días
434,Option A) del servicio publico,Si,4 al año,Antes se formaba. Ahora tiene número de telefono--si tardan mucho (al otro día). 1 mes atrás--2 meses sin agua (marzo y abril)--común--avisaron--arreglo ductos grupo de colonia facebook si enteró,Impredecible,Intermitente,Option B) 4 a 6 dias a la semana,,Si se enteran,"Enalquier momento, día o noche. Estar pendiente--cae en pileta. Están pendiente. Es peca para las personas que hayan la casa. Todos. Tinaco de arribo--llenar con bomba."
358,Option A) del servicio publico,Si,2 o 3,1 mes atrás. llaman a delegado o territorial - no es fácil. ,"marzo a abril-- piensan que la quitan por semana santa...
no cae fuerte, chorrito delgado, no sube sola, se llenan tambo
--> manual se turnan--> 8 adultos
--> bombas--> tinaco",Intermitente,Option C) 1 a 3 dias a la semana,"--> solo en las noches. 
traspapela lista, hay que estar ahí","desde que empezó año que no hay agua
--> podía pasar","fines de febrero hasta mayo, solo las noches, unos 3 días a la semana 3-4 am, hasta 7-8 am."
359,Option A) del servicio publico,"Sí, En la cisterna compartida",3 veces al año,Hace 4 meses. Le llaman a la pipa (el dirigente del condominio). Se reparte el gasto $50 pesos. En su hogar anterior no.,"Épocas de lluvia, porque se va más la luz y la cisterna funciona con luz.",Continua: En ambos es continua. En el domicilio anterior era agua directa. Ahora pasa por la cisterna del condominio,Option A) diario,En su vivienda anterior diario también. ,Solo se deja caer cuando se va la luz.,"Lunes a viernes, los 7 días a la semana, las 24 horas."
435,Option A) del servicio publico,Si,Normalmente no pide nunca--1era vez,Hace 2 meses--cortaron x 3 días--nadie tenía. Llamaron x telefono. En canal de chalco tenía números. Privas $1000. Anunciaron en telefono que iba a caer poco. ,"Abril, semana santa--aveces 3 o 4 días. Para que gente no gante.",Intermitente,Option A) diario,Su mamá tiene uno gigante: 2000 lt.,Se da cuenta xq tambo que junta antes de tinaco (abrir llave unanvial)--se ve que tiene menos agua. Después de que cayó de nuevo--estaba negra. Abuelo se enoja si tira el agua.,"Todo el día, todos los días. Se se dan cuenta!"
360,Option A) del servicio publico,No,,,"siempre misma cantidad. 1 vez en el año les cortaron, en Enero--> corte por 4 o 5 horas, no les afectó","continua (24 hrs del dia, 7 dias por semana)",Option A) diario,,no se darían cuenta,todo el tiempo. Nunca le falta
436,Option A) del servicio publico,Si,3 al año,Dic. llamaron al caldía --pipa--no le alcanzó. tuvieron que comprar--vi de pipa privados $500--todos por q viven ahí. Vecinos (no es claro que parte el vecinos comentario es sobre),Cuando hay fugas--arreglos. Agosto--avisan que no hay agua--ahí piden pipa (cuando más falta),Intermitente,Option B) 4 a 6 dias a la semana,,No,4 o 5 días a la semana--10 a 6 pm--luego cortan. Ella o deporo llenar turibo
437,Option A) del servicio publico,Si,3,(Sin agua x unos 3 meses--caía sucia. Pipa--limpia. No sabe si najaron) 6 meses-vecino pidió--llenó tinaco--sacan x cuberta,Septiembre cae poca--llenan 1 tambo de tan poco--un por de horas al día--en la noche,Intermitente,Option A) diario,,Se dan cuenta,24/7
381,Option A) del servicio publico,Si,--> antes sí. Gente se quejaba mucho,"--> 5 años--formarse 4-5am, ir 4 a 5 personas para que le manden","a veces le falta. 
semana santa --> sabado de gloria, evitar desperdicio. --> corte por 2 o 3 días
Nov-Dic: no sabe } baja presión",Intermitente,Option B) 4 a 6 dias a la semana,5/7 dias,ven que se va vaciando,"usual% 7 am a 11 am, por hasta 12 o 1."
382,Option A) del servicio publico,Si,Cada 15 días,"La semana pasada, tenemos que irnos a formar a un modulo,  y ese mismo día nos la llevan a la casa.","Ahorita no hay agua porque están reparando las tuberías, pero en general siempre tenemos agua.",Intermitente,Option D) en todo el mes 1 a 3 veces,,No me doy cuenta porque siempre se llenaba el tinaco y cisterna.,"1 vez al mes, tuvimos desde las 10 am-3 o 4 pm"
383,Option A) del servicio publico,Si,3 veces al año,"Febrero. A veces pedimos particular. Cuando es de gobierno la solicitamos en la territorial. Desde la delegada, el servicio es para 2/3 familias.","Marzo-abril, por semana santa la llegan a quitar.","continua (24 hrs del dia, 7 dias por semana)",Option A) diario,,Sí nos damos cuenta si no llega el agua.,"Hubo agua diario, todo el día hubo agua, varía la presión del agua."
438,Option A) del servicio publico,No,,,Junio-julio: cada 2 días (lun-miercoles) etc-uso,Intermitente,Option C) 1 a 3 dias a la semana,Poco desde febrero. Hasta ahora (1 junto)--excepto. Porque gente no ahorra agua. No avisaron,No se da cuenta,1 o 2 días pero todo el día--muy poquito
439,Option A) del servicio publico,No,,,No sabe. Es impredecible/ Have mes y medio la cayó menos--se descompuesto la bomba,"continua (24 hrs del dia, 7 dias por semana)",Option A) diario,,Puede ser,24/7 La presión ha sido menos. Tinaco de abajo lo ver si esta lleno o no. Dice que robaban agua de planta. Fue excepto
384,Option A) del servicio publico,"No, tiene cisterna y se acostumbra a estar poco","vecina pidió pipa, agarró agua en bote (3 de 100 lts)",,"case anterior: marzo, abril, mayo
casa nueva: dura más agua porque usan solo ellos 4. Hacer pipa, no lo bajan.
ella cree que por sequía (abril)","Intermitente: cisterna una grande, pero la usan menos personas, pero llega solo jueves. Antes todos los días. Antes no tenía que apartar agua y ahora si --> si llega todos los jueves",Option C) 1 a 3 dias a la semana,"Hace 1 mes estuvieron 1 mes sin agua (abril).
Cisterna muy grande--> cuidado de no usar duraron 1 mes comp. trastes dice. Bañaron 4 cubetas (?) --> calidad no se había dado cuento--> muchas cucarachas--> en tubo desde toma a cisterna",cisterna dentro de recamara--> empezó a gotear cuando llego. Pendiente de cisterna poara que no se inunde recamara.,"6 am-4 pm--> jueves--unas horas, varia horario incluso madrugada
--> siempre // casa anterior--> diario pero 2 horas--> podía lavar diario. Ya no. solo lunes a viernes"
440,Option A) del servicio publico,Si,3 al año,"un mes sin agua--avisan reparas, otra vez no. 6 meses-dic. Formar alcaldía-puntos locales-fue tardado. Comparten 2 o 3 casas",Impredecible. A veces cortan hasta 15 días,Intermitente,Option C) 1 a 3 dias a la semana,,Si se dan cuenta,"Viernes a domingo, 8:30 /9 am hasta 12 o 1 (normalmente)"
385,Option A) del servicio publico,Si,5 o 6 veces,"3 de mayo. Los encargados de la colonia pasan a preguntar. Y la solicitamos, nos vamos a formar. Desde la mañana y hasta la noche llegaron a casa o hasta el otro día. Nos dan una pipa para 3 o 4 familias.","Julio, porque creo que a mediados del año lo hacen para que cuidemos el agua.",Intermitente,Option C) 1 a 3 dias a la semana,Los días jueves,Llega los días jueves. Pero sí pasa que no nos damos cuenta porque se llena sola la  cisterna.,Jueves de 12-2pm
461,Option A) del servicio publico,Si,3,"hace 6 meses (diciembre)-1 semana-formarse en torre 87 (participante)--gratis-formada 1,5 horas--difícil--estar formada y luego no dan pipa entero. ",Semana santa--les faltó agua--xq gente la usa para mojarse--1 o 2 semanas--anuncian en TV,Intermitente,Option A) diario,,Puede ser,"8 am a 12 pm, todos los días"
386,Option A) del servicio publico,Si,"5 al año --> llega servicio de gob - se anotan en lista, 1 pipa para 2 casas. A veces si es eficiente",--> 2 meses atrás (sin agua por 4 días) --> 11 días (porque se saltó día en que llega),Abril-->sábado santo--> se mojan--> cortan para cuidarla. solo esa semana // aparte de eso es regular,Intermitente,Option C) 1 a 3 dias a la semana,,"Saben porque se escucha, llave siempre abierta.",Viernes en la noche (--> todo la noche y parte mañana) o sábado temprano (--> tódo el día).
387,Option A) del servicio publico,No,,,"Marzo-Abril, no sé porque.",Intermitente,Option C) 1 a 3 dias a la semana,,"Si deja de caer. Hace 15 días, cayó diario durante una semana. Esta ultima semana cayó 2 veces en la semana.",Esta semana hubo 2 veces; caía en la mañana y a las 4 pm a 6 pm.
462,Option A) del servicio publico,Si,1 al año,"Hace 3 años--formar en territorial--casi 1 mes que no cayó-en pleno covid. Formar--gratis, fue partic--difícil porque hay mucha gente",Niguna. en el centro (de stgo. Acahualtepec) entonces nunca les falta-,No hay una repuesta pero del pregunto 5 creo que es continua,Option A) diario,,Podría ser,Todos los días todo el día
388,N/A,"encargadas de colonia son avisadas--> ponen un módulo, 1 pipa para 2 o 3 personas",4 mas al año,"3 meses--> por 6 meses que caía muy poquita (baja presión)--> no alcanzaba. 
Tedoro, hay que esperar horas (4 en fila) luego igual 4 horas más para que llegue --> gratis
cisterna les dura 1 semana~","Años anteriores no habían tenido problemas.
Suministro muy estable.",Intermitente,Option A) diario,,,4 horas - 8 am a 12 pm
389,Option A) del servicio publico,Si,1 vez al año,"I tac el año, ponen módulos de servicio ahí nos formamos y a veces el mismo día llegan. o al día siguiente, 1 pipa para 3 o 4 familias.",Marzo a mayo; no sé porqué.,Intermitente,Option C) 1 a 3 dias a la semana,,"Si deja de llegar, y como tenemos cisterna a veces no nos damos cuenta.","3 veces a la semana, mañanas de 7 a 9 am."
411,Option A) del servicio publico,No,,,Abril a mayo empezó problema--> ni idea porque. En noticias dijeron que bajó nivel. Regularmente hay agua siempre solo en llave de abajo y no sale tan sucia --> mayor part del día. Caía siempre. Sucia nunca había llegado pero si siempre abril y mayo cae poca.,No hay respuesta,Option B) 4 a 6 dias a la semana,"a veces no alcanza a subir a la primera planta--> solo llega a planta baja--> cerca de toma principal, resto no llegaba",no tinaco ni cisterna. Toda la últ. semana ha caído pero sucia y poca presión.,llenar diario tambos y cubetas. Varía mucho. A veces esperando desde 5 am que caiga --> dejan llave abierta--> se encuentra cuando cae. a veces no llegaba ese día y cauando cae hace c/mucha tierra.
412,Option A) del servicio publico,No,No,,Semana santa. Como un mes les cortaban el agua después de las tres.,"continua (24 hrs del dia, 7 dias por semana)",Option A) diario,,Siempre hay agua--no deja de caer. Tiene una llave que el agua sale directo de la toma de agua y sale todo el día.,Después de las 3 de la tarde baja la presión pero nunca deja de caer.
413,Option A) del servicio publico,No,,,Semana Santa-- la cortan en viernes y vuelve en domingo. cree que por sábado de gloria,Intermitente,Option A) diario,pero no todo el día,podría ser,en la mañana hay más. cortes no son predecibles // semana pasada se cortó unos 2 días por un par de horas
414,Option A) del servicio publico,No,,,"En vacaciones de semana santa, disminuye un poco, pero no deja de caer el agua.","continua (24 hrs del dia, 7 dias por semana)",Option A) diario,Siempre llega muy bien.,No deja de caer el agua,"Todos días de lunes a domingo, todo el día."
415,Option A) del servicio publico,Si,2 al año,2 meses--le faltó 2 meses (marzo y abril): compraron-un telelfono privado,semana santa--marzo y abril-- dicen que les cortan // regular% otros años este año ha faltado mucho el agua--no sabe porque.,Intermitente,Option C) 1 a 3 dias a la semana,,sí,"2 veces por semana, no todo el día"
416,Option A) del servicio publico,Si,2 veces durante este año,2 semanas. llaman a la pipa. Es muy tardado,Semana Santa. La quitan por la gente que gasta agua.,Intermitente,Option A) diario,Algunas horas,Sí. No se dan cuenta ,Sí. No se da cuenta. En la noche no hay agua.
417,Option A) del servicio publico,No,,,"Semana Santa-- se corta -- solo cae en las noches. antes no les había faltado, pero ahora cae bien temprano y luego se corta",Intermitente,Option A) diario,pero muy poca,tienen llaves (baño-cocina) conectado directo a afuera.,todo el día pero poquita // solo lavadero esta conectado al tinaco. caía más pero ultima% les cae poquita -- en al colonia se ha ido mucho
418,Option A) del servicio publico,No,,,"Marzo-mayo; en muchas regiones hay escasez de agua, creo que igual pasa aquí.","continua (24 hrs del dia, 7 dias por semana)",Option A) diario,,"Dejó de llegar, 3 o 4 días, pero sí. nos percatamos(?) (al mes)","Diario, todo el día y noche"
419,Option A) del servicio publico,No,,,"raciones verano-- junio--> hacen arreglos--les avisan que va a disminuir // julio--> 2 o 3 días la quitan viernes, rato, dgo.",Intermitente,Option A) diario,,podría ser un día no cae y no se dan cuenta,en la tarde ya no cae. 6 o 7 am hasta 2 pm
420,Option A) del servicio publico,Si,2 veces al año,"1 pipa para carias casas. Hace un año, me tengo que ir a formar al modulo, ese mismo día la mandan.","Marzo, por el desperdicio que se hace en semana santa, la disminuya.",Intermitente: Diario de 7 a 2 pm y en las noches,Option A) diario,,"Si deja de llegar, si no damos cuenta",En las mañanas de 7 a 2 pm - 4 a 6-7 pm en adelante.
463,Option A) del servicio publico,No,,,"en semana santa, todo el mes. A veces llega en la noche, pero con poca presión",Ella dije continua pero solo recibe agua diario de 6am a 11am o medio,Option A) diario,"En la mañana, de 6 am a 11 am","Sí, podrían no darse cuenta","Diario, 6 am -11 am o medio"
464,Option A) del servicio publico,No,,,"Nunca les falta. Llave está bajicita, siempre cae","continua (24 hrs del dia, 7 dias por semana)",Option A) diario,"Regularmente llega siempre--hace 2 meses cayó menos y se cortaba. Estaban sacando agua en pipa del canal. 2 semanas sin agua. Solo un rato en la mañana, 6 am y se iba a las 12 pm, se paraban temprano para apartar y lavar.",Si se daría cuenta (llave--toma pral),Todo el día todos los días
465,Option A) del servicio publico,No,,,Abril. No sabe,"continua (24 hrs del dia, 7 dias por semana)",Option A) diario,Todo el día,"Sí te darías cuenta, x la llave principal","Diario, todo el día"
466,Option A) del servicio publico,No,,,Semana santa--1 semanas--les alcanzo~con almacenamiente,No hay una repuesta,Option A) diario,,Podría ser,"Todo el día, toda agua pasa por cisterna"
467,Option A) del servicio publico,No,,,Semana santa. Les quitan el suministro y ellos cierran el agua (las llaves) porque se gasta.,"3 días, todo el día",Option C) 1 a 3 dias a la semana,"Todo el día, con poca presión",Sí se notana,"3 días, todo el día. Hace 5 años le llegaba agua diarios."
468,Option A) del servicio publico,No,,,"Solo este año (2023): Semana santa--caía menos y se iba--3 meses que iba venía y caía poco. Feb, marzo, abril--totalmente impredecible. No avisaron. Primera vez que era ay de mal. Dicen que estaban haciendo mantenimiento. ","continua (24 hrs del dia, 7 dias por semana)",Option A) diario,,Se dan cuenta,24/7 con baja presión (salía muuuuy poquita) en la tarde --2 pm a 7 pm
469,Option A) del servicio publico,No,,,No,1 día sí otra no,Option C) 1 a 3 dias a la semana,"Llega 1 día sí y otro no, solo en las madrugas de 2 am a 5 am","Sí, a veces cuando hay poca agua en la pileta","En el ultimo mes, 1 semana no le llegó"
470,Option A) del servicio publico,No -- en un momento se vació la cisterna. Toma está bajita nunca había encaseado.,,,No regular,"continua (24 hrs del dia, 7 dias por semana)",Option C) 1 a 3 dias a la semana,,"No se darían cuenta. Solo se dan cuenta en tarde y noche--chorro baja presión, y pileta no se llena completamente.","5 días sin agua // última semana si falto el día--buena presión. Ella cree que estaban abriendo calle, cayó hasta con piedras y no avisaron."
490,Option A) del servicio publico,"No --tinaco en patio, llenan con manguera--no tiene bomba",,,Abril y mayo -- soló este año. 3 días seguidos que no cayó (max tiempo). Noticias avisaron recorte de agua. No sabe por qué. Años anteriores si les caía igual todo el año,Intermitente,Option A) diario,"Con poquito, no como en enero",Podría ser si es periodos muy cortitos,"Cuando falta, ccae sólo en la noche--en algunas ocasiones caía poquito"
491,Option A) del servicio publico,Si,Regularmente no falta al agua (no hay una repuesta clara del pregunta),"Pidieron a locatel--pipa pública pero no llegó. Luego llegaron a colonia--grupo de whatsapp--pidieron y llegó--turnaba x colonia. Hace 1 mes--3 semanas, o 2 sin agua. Se les acabó cisterna--1, 5 semanas",Semana santa (abril o marzo)--la cortan--siempre avisan. No le preocupa mucho x cisterna. Dices que x limipieza del cuaresma pero quien sabe. Y en cuando mas se necesita--calor. ,Intermitente,Option A) diario,Normalmente lo que usa durante el día de noche se llana,Podría ser,"Por la regular sólo en la noche, ni mucha ni poca. Raro que caiga de día. todos la usan. Como tiene cisterna no sabe exactamente cuando cae, Les ha pasado que ven pipa en la calle y ahí se entera de que no hay agua."
492,Option A) del servicio publico,Si,Pero hace años,15 atrás,Febrero a abril (solo este año) --no sabía porque-- polémica. En alguna calle caía otras no. Max periado sin agua--todo un día pero caía en noche.,Intermitente,Option A) diario,tinaco--manguera llenado manual--juso,Si se dan cuenta,Había momentos en que cayó solo en madrugada--abril (caía muy poco) mayo: 24/7
441,Option A) del servicio publico,Si,"2 veces año anterior, este año no.","marzo 2022 ( 1 año atrás)- 3 días sin agua--formaron en el eje--esperar a que llegue pipa, luego no llegaba (1 hora espera) había que estar temprano --> todos peleaban por las pipas",no- en casa anterior: nunca faltaba. Caía todos los días --> antes estaba más abajo. Pero abuela no tiene y también esta más abajo. A ella a veces le cae en las noches.,Intermitente,Option B) 4 a 6 dias a la semana,,Se dan cuenta--tiene que abrir llave.,"impredecible // 2 días a semana no cae. A veces cae todo el día. Otras veces cae a las 9 am y sigue a las 12 pm, o 3-4 pm."
442,"Option A) del servicio publico, N/A",Si,1 o 2 veces al año--o cuando arreglan--> le avisan y ponen módulo de pipa,estaban haciendo arreglos--hace 6 meses~. Formar--> sobre el eje (gratis)--> fila no mucha gente. Rápido.,secas-abril-porque se evapora más el agua y hay menos o porque gente desperdicia más. Gente tira agua para refrescar casa. Abril y marzo.,Intermitente,Option A) diario,llave-->tinacos-->hermano-->partic,,7 días a las emana: 9 am hasta 12 pm. Jueves cae más tiempo--> hasta 3 pm.-->lavar ese día. Hay días que cae poquito y sin presión--acarrean en botes a su lavadero (planta baja).
443,N/A,Si,2 al año. Una vez se descompuso bomba de cisterna,3 meses-- 1 semana. Llamaron a territorial--> luego esperar 2 días,"diciembre y julio--dicen que porque mantenimiento--avisan 1 semana antes. Han dejado de tener por 10 días. Luego 1 día sí, 1 día no.",Intermitente,Option A) diario,muy sucia. sale sucia,"Sin, en realidad no save cuándo cae. En vacaciones sufren más de agua. y diciembre una vez se terminó el agua--se bañaron c/agua de garrafón--> no se bañan bien. no se escucha cuando cae de cisterna","todo el dia} no save. Se llena en la mañana. Todos los días. Cuando están todos en la casa, se acaba (sab o domingos en la tarde noche)."
444,Option A) del servicio publico,Si,1 al año. Cuando hacen reparaciones. Ella esta en plan arriba se quedan sin agua.,"hace una año (marzo 2022)-- avisan de reparar-- andan pipas--> anotar a tal lado. Ir a formarse muy temprano. Antes, su mamá ahora participante es complicado. todos quieren engormaro (?). Hay personas que quieren toda la pipa. se pelean. gratis + coopera",a veces marzo: por el calor. --> hasta 2 o 3 semanas sin agua. Con más agua o todo difícil hacer repares. sin lluvia es más fácil reparar.,Intermitente,Option A) diario,,a veces cae menos tiempo--se escucha que esta cayendo agua. Llave siempre abierta queda sin tiempo de lavar + cosas,"todos los días, 7 am hasta 1 pm."
445,Option A) del servicio publico,Si,1 o 2,hoy--20 días sin agua-- llaman delega -- no se demoraron -- fácil y rápido -- gratis + propina voluntaria,marzo-abril falta mucho-- hay mucho desabanto--no avisan. por calor cae menos y sequía,Intermitente,Option C) 1 a 3 dias a la semana,normal % cae todos los días--> solo en las mañanas. Desde madrugada hasta 11 o 12.,Pero no se dan cuenta (cisterna),No hay respuesta.
446,Option A) del servicio publico,Si,4 al año,"hace 2 meses-- 1 mes sin agua -- privada (--> $1700: media pipa--rápido) -- papá. 
gratuita no--> son escasez --> mucha gente desvelánte.",abril--casi un mes-- por semana santa,Intermitente,Option D) en todo el mes 1 a 3 veces,2 o 3 veces,"no se enteran, pero se escucha",2 a 3 veces al mes--> todo el día.} lo normal
447,Option A) del servicio publico,Si,5 o 6,hace 1 mes (abril)-- 30 días -- mamá -- gob módulo (--> afuera de mercado) -- formarse 3 o 4 -- a veces no alcanza,marzo- abril --> temporada de calor-- le cae menos por festividad.,Intermitente,Option D) en todo el mes 1 a 3 veces,c,"no, pero están al pendiente","normal % cae cada 15 días -- cuando cae, cae de las 7 am a 1 o 2 pm."
448,Option A) del servicio publico,Si,2,hace 2 años--casi 1 mes sin agua--formarse a 5 am--a la utopia Teotongo--> turno. papá,"marzo, semana santa-- la cortan-- x los que gastan en sab. de gloria.
--> 1 semana o 15 días--avisan",Intermitente,Option A) diario,//este año--> avisaron x parece que iban a quitar--> no les afectó.,no se daría cuenta,diario-- casi todo el día. cortan 2 a 5 pm
449,Option A) del servicio publico,Si,2 veces-- año normal--solo cuando se acaban reservas o muchos días sin agua,hace 1 mes--2 semanas sin agua-- metieron muchas quejas a admin--> llenar directa % los tinacos. Había que racionar más quejas-- peleas-- si escuchaba que alguien lavaba ropa // admin paga,"febrero y abril--> casi no hay lluvias-- hubo una sequía y no había agua. llega info de admin, no delega",Intermitente,Option A) diario,,perciben que tienen siempre. tinacos gigantes,24/7
450,Option A) del servicio publico,No,nunca,,Semana santa. Porque cierran el suministro.,Intermitente,Option A) diario,"En las mañanas 6 am cae bien, después ya no cae, y vuelve a caer en la noche. Desde hace 6 meses.","Sí, se da cuenta, no cae ni una gota. 11 am a 6 pm/7",Lunes a Domingo 6 am. a 11 am. Hay agua de 11 a 6 o 7 pm. Ya no hay.
471,Option A) del servicio publico,"No, porque no tiene donde almacenarla",,,En semana santa la recortan para que no se desperdicie en sábado de gloria.,Intermitente,Option A) diario,"en las madrugadas, de 3 am c/a 10 am u 11 am. Cuando lava lo hace muy temprano y por el resto del día almacena en cubetas.",,"igual (en las madrugadas, de 3 am c/a 10 am u 11 am.)"
472,Option A) del servicio publico,"Sí, no llegaron",nunca. entre abril y marzo caía poco. quien llena 1ero aparta primero.,excepto--> última y única--> no llegó. Caía en la noche--> 2 días de corrido sin agua--> llamaron a un numero de pipa pública,no. siempre igual.,"continua (24 hrs del dia, 7 dias por semana)",Option A) diario,,no tiene cist. ni tinaco,24/7
473,Option A) del servicio publico,No,,,"Sólo hasta hace 1 mes sintió que no llego agua. A los vecinos les pasó igual, así que se unieron p/protestar y se dieron cuenta que las pipas estaban robando de la bomba que los abastece.","continua (24 hrs del dia, 7 dias por semana)",Option A) diario,24/7 --> sólo cambia la presión. Llega bien de 11 pm a 5 am,Sí podría pasar.,24/7
474,Option A) del servicio publico,No,ultima % sí se ha cortado. mediados de abril--> por 3 semanas cayó poca y sucia,,"marzo, abril (primavera) --> no avisan.
--> poca presión y la calidad seguía bien","continua (24 hrs del dia, 7 dias por semana)",Option A) diario,,podría pasar,24/7 buena presión.
475,Option A) del servicio publico,No,,,en Semana Santa,"continua (24 hrs del dia, 7 dias por semana)",G) 2 veces por semana (escaseó),Hace 2 semanas no llegó 1 día.,"Sí se dan cuenta, porque la toma que tienen en el baño le llego de la toma directa.","escaseó y le llego 2 veces por semana, y como no tiene fuente de almacenamiento no apartó."
476,Option A) del servicio publico,No,"feb-marzo-abril no tuvieron agua -- se iba. 
--> 1 día completo que no cayó. El resto era muy poca. fue porque había poco en Cutzamala
-- avisaron gobieron",,"tiempos de calor-- nunca batallan con el agua. 
--> le cae menos marzo-abril-mayo","continua (24 hrs del dia, 7 dias por semana)",Option A) diario,,tienen otras llaves directo a toma,24/7
477,Option A) del servicio publico,Si,5 pipas en 3 últimos meses.,,En estas fechas por la sequía.,Diario 6 am - 12 am,Option A) diario,de 6 am-12 día,Sí.,Diario 6 am-medio día
478,Option A) del servicio publico,Si,2,"Abril--corte por 1 semana--avisaron--> se juntaron vecinos (--> 1 por casa) (fue partic y primo--> si), fueron a bombas--formaron--no se las dieron. fueron al otro día (la pipa). casa anterior","abril- semana santa, 1 semana // casa anterior",Intermitente,Option C) 1 a 3 dias a la semana,2 semanas cayó solo 1 día y sucia. corte por semana santa (por tirar el agua),se dan cuenta. // antes no,normal % 8 am a 1 pm. rara vez cae en madrugada // le pueden quitar en cualquier momento // casa anterior impredecible--pero 2 tinacos ayudan
479,Option A) del servicio publico,Si,2. escasea pero intentan no gastar mucho.,"el año pasado--> 15 días--> arreglaron (--> cuñado de mana--> formar--> territorial o bomba, no sabe donde) tubería--> supuesta % solo el finde, pero fue 15 días.","dic y semana santa--> porque gente la tira--> avisan--> 2 semanas --> no sabe. deja de caer simplemente, a lo mucho una semana--> a lo mejor al hacer tubería tienen que cambiarlas por parte podrían dar mantenimiento a todo de una vez",Intermitente,Option C) 1 a 3 dias a la semana,3 o 4 días por semana. últimos años--> agua llega c/vez + sucia + pecada con tierrita. Antes solo amarillo.,si se dan,"8 o 9 a 12 pm--> usual %--> a veces solo sale un chorrito o nada. A veces en la mañana no están. --> en la mañana, si no cae, puede que caiga en tarde o noche."
480,Option A) del servicio publico,Si,1 al año,1 año atrás (mayo-junio 2022)-- 20 días sin agua-- partic se formó (--> mercado de Guadalupe)--> como 2 horas-- gratis,"marzo-feb-abril (no avisaron--> hasta 1 semana-15 días-->varía mucho)--> tiempo de calor. porque no se llenan los pozos porque no llueve. 
cuando es mantenimiento avisan--> 1 vez al año. Tb cortan agua--> vi-sa-do-lun",Intermitente,Option B) 4 a 6 dias a la semana,,Sí se dan cuenta. Esta conectada llave a cisterna --> suena. Podían no saber si no están.,4 días por semana --> 4 a 5 horas--> regular % 8 am a 1 pm.
492,Option A) del servicio publico,Si,Pero hace años,15 atrás,"Febrero a abril -- no sabía porqué--polémica. En alguna calle caía otras no. Sólo este año (febrero), nunca antes había faltado. Max heíada sin agua --todo un día pero caía un noche.",Intermitenete,Option A) diario,tinaco --> manguera llenado manual --pero,Si se dan cuenta,Había momentos en que cayó solo en madrugada --> abril (caía muy poco). Mayo 24/7
493,Option A) del servicio publico,Si,0 o 1,Abril-2 días sin agua (pero no gastaron todo el tinaco) gratis--mantenimiento le avisaron (TV). gob--llamaron y llegaron en 1 o 2 días. ,Marzo a junio -- disminuye la presión -- x temporade de calor x mantenimiento de siempre en abril corten (2 días sin agua--siempre avisan),"continua (24 hrs del dia, 7 dias por semana)",Option A) diario,Pero no misma presión (disminuía),"Tiene llave que viene directo a toma -- lava ropa -- podía no percatarse. Tinaco solo para bañarse, baño trarte.",24/7. Baja presión a veces. Desde 9 a 12 pm -- baja presión. Antes de las 8 am cae muchísima.
494,Option A) del servicio publico,Si,2 a 5 al año,"Hace 1 o 2 meses-1 semana y media/ Llaman por telefono. Públicase-no es tan fácil mucha gente pidenable 2 días esperando, no se cortaron? no. 2 veces pidieron pipa-participante",Marzo-abril-mayo: avisen que es por el calor y porque no llueve.,Intermitenete,Option A) diario,,Podría ser,"7 días, 5 am a 7 pm -impredecible, no avisaron --antes de enero (?), 24/7 y se escucha cuando completado."
495,Option A) del servicio publico,Si,4 o 5,"Hace 2 meses. Abril. 3 días sin agua, llamaron pipa (mamá y partic--fue a módulos)--pública. Si costo (dan propia) conseguirla. Pidieron, en módulos y nunca llegó y locate llamaron y llegó a día siguiente. //Se les acabó tinaco y cisternas.",Marzo--abril--por el calor. Se secan los lugares de almacenamiento de agua. También es cuando hacen reparaciones y ahí deja de caer por se mara semana santa también.,Intermitenete,Option C) 1 a 3 dias a la semana,,___ . ___ // Se escuche cuando cae // Ultima semana --no de lunes a miércoles y cayó de jueves a domingo.,"No cae todo el día, impredecible"
496,Option A) del servicio publico,Si,15 al año,Encargade del edificio. Abril-inicios-15 días sin agua. Pipa estaban agotada. Llegó di la delegar (gratis pero le cobran igual),"Abril, marzo (no sabe quizás por el calor)-- hasta 1 mes sin agua -- no avisan. Gente se va a quejar y se organizan para llevar pipa.",Intermitente,Option A) diario,,No se darían cuenta. Con que bombeen una vez al día. le alcanza. Otros vecinos si se quejan.,24/7
497,Option A) del servicio publico,Si,2 veces,1 mes atrás - mayo no cayó casi 3 semanas sin agua. //Fueron a San Lorenzo - oficina de delegación - gratis - tardaron. Formadas por 1.45 min - partic y humana. Pidieron propina,"Abril - no avisan 1 semana sin agua. 2 semanas antes la tiran mucho, para que tiren y de perdicien ",Intermitente,Option A) diario,,Se escucha que cae en cisterna,Todos los día 7 am a 12 pm -- se alcanza a llena cisterna --tinaco
320,Option A) del servicio publico,Si,1 vez al año,"1 año. Se forman en la territorial, a veces tarda todo el día.","En la temporada de calor, febrero, marzo, abril. Quizás xq en esta época la gente la usa más.","Intermitente: Lunes a domingo, 9 am a 12 día.",Option A) diario,,No,"Lunes a domingo, 9 am a 12 día."
334,Option A) del servicio publico,No,Ninguna,No se ha pedido pipa desde que vive allí.,"En octubre del año pasado escaseo, porque estaban dando mantenimiento.",Intermitente: 6 a 7 días en la semana. Aveces hay todo el día pero con poca presión. Y otros días se va como por 8 horas.,Option B) 4 a 6 dias a la semana,,Siempre mantienen lleno el tambo y la tina.,"Se va por lapsos de tiempo. Toda la noche tienen agua, a las 10 de la mañana se va. Cambian los horarios, por lo general tienen agua diario."
375,Option A) del servicio publico,No,,,"marzo, no sabe xq, --> 2 o 3 semanas que no llega nada. Imagina q es x vaca y semana santa.",Intermitente,Option C) 1 a 3 dias a la semana,,,"miércoles, todo el día"
453,Option A) del servicio publico,No,,,junio-julio--> baja presión no sabe. hay fechas en las q viene muy sucia.,"continua (24 hrs del dia, 7 dias por semana)",Option A) diario,baja presión--aveces,,por las tardes cae muy poquita--> nunca han quedado sin agua
463,Option A) del servicio publico,No,,,"En semana santa, todo el mes. A veces llega en la noche, pero c/poca presión.","Continua pero diario, 6 am-11 am o medio.",Option A) diario,"en la mañana, de 6 am a 11 am.","Sí, podrían no darse cuenta","Diario, 6 am-11 am o medio."
330,Option A) del servicio publico,Si,1 vez el año. Normalmente solo la cortan en semana santa. (cisterna gigante y pipa completa),"2 o 3 meses. Anotar en lista, luego formarse a las 6, 7 am - combi pa llegar a bombas.","No les llega ahora, hace 1 mes, nada nada. Cuando vuelve de periodos largo--qusanitos negros","continua (24 hrs del dia, 7 dias por semana)",Option E) no ha llegado en las ultimas 4 semanas,Normalmente tienen todo el día todos los días,Llave cisterna siempre abierta,Este año es especial. les ha faltado más. Antes caía siempre y solo corta en semana santa. Cree que ya no queda
394,Option A) del servicio publico,Si,4-5 veces al año,"Abril, vamos a pedir a la delegación, nos apuntamos y esperar a que nos las den. El mismo día ven a llevarla, la pipa espera 3 cosas. Porque no tengo cisterna","Marzo-abril hasta septiembre escasea, creo que es por las elecciones que nos la quitan.",Intermitente,Option A) diario,"De lunes a miercoles escasa, jueves y viernes es cuando hay más","Sí, nos damos cuenta cuando no hay agua","Diario, pero los días que más hay son jueves y viernes hasta 2-5 pm. Y los otras días solo hasta 11 am. No cae en las noches ni madrugadas."
427,Option A) del servicio publico,No,"Se fue apaca 3 días, le pidió both a vecinas--hace 2 semanas",,Sí,Intermitente,Option A) diario,"Les cae poco, se les va a veces (menos de 1 vez por semana)",No hay una repuesta,8:30am-12pm
471,Option A) del servicio publico,No,Porque no tiene donde almecenarla,,En semana santa la recortan para que no se deperdide en sabado de glana. ,"En las madrugadas, de 3am a 10 am u 11 am",Option A) diario,"En las madrugadas, de 3am a 10 am u 11 am. Cuando lava lo hace muy temprano y plei resto del dea almacena en cuentas",No hay repuesta,"En las madrugadas, de 3am a 10 am u 11 am"
483,Option A) del servicio publico,Si,1 x año,"1 mes, sin agua x dos meses -- no avisaron -- pidió admin // la ponían 10 min a las 7 pm -- esta al pendiento",Abril-mayo--no avisan. 15-10 min al día. Usualmente admin toma esa decisión. No sabe cuando caen. Falta en esa época x semana santa--no sabe porque en esa época. Podría ser en cualquier momento-pero solo unos días poco vienen.,Intermitente,Option A) diario,,Cisterna -Comunidad,24/7
322,Option A) del servicio publico,Si,2-4 ,"a finales del ano antes de octubre. Te formas en la terntenal desde temprano. Yes, una pipa p/2 familias ","Si, en semana santa porque la gente la despedida mucho. Se las quitan como 15 dias y deben pedir pipa. ",interminte: lunes a domingo- 8:30 am- 11:30 am ,Option B) 4 a 6 dias a la semana,n/a,n/a,Lunes a Domingo. de 8:30 am a 11:30 am
353,N/A,No,n/a ,n/a ,Marzo- abril creo que esta relacionado con que no llueve en estos meses  ,"continua (24 hrs del dia, 7 dias por semana)",Option A) diario,,"No, siempre hay aunque sea poquita ","Todos los dias hay, mayo, presion de 10 pm a 9 am. En el dia solo cae un hilito "
415,Option A) del servicio publico,Si,2 al ano ,2 meses- un falto 2 meses (marzo y abril): comparon- telefono- privada ,Semana santa- marzo y abril- dicen que la cortan// regular anos y anos ha faltado mucho el agua ,intermitente,Option C) 1 a 3 dias a la semana,,Si,"2 veces x semana, todo el dia"
439,Option A) del servicio publico,No,n/a,n/a,No sabe es impredicible. Hace mes y medio cayo menos.,"continua (24 hrs del dia, 7 dias por semana)",Option A) diario,,puede ser ,24/7 la presion ha sido menos. Tinaco de abajao lo ves so esta lleno o no. Dicen que robabon agua de planta 
476,Option A) del servicio publico,No,Feb- Marzo- Abril no tuvieron agua- se iba ,1 dia completo que no cayo. La rento era muy poca fue que habi poco- aviso el gobierno ,tiempos de calor- nunca batallan con el agua. Cae menos: marzo-abril-mayo,"continua (24 hrs del dia, 7 dias por semana)",Option A) diario,,Tienen otras llaves directo a toma ,24/7 
353,Option A) del servicio publico,No,n/a,n/a,"Marzo- Abril, creo que esta relacionado con que a llueve en estos meses ","continua (24 hrs del dia, 7 dias por semana)",Option A) diario,,"No, siempre hay aunque sea poquita ","Todos los dias hay, mayor presion de 10 pm a 9 am. En el dia solo cae un hilito "
483,Option A) del servicio publico,Si,1 x ano,1 mes sin agua por dos meses--no avisaron--pidio admin. La ponian 10 minutes a las 7pm esta al pendiente,Abril-mayo--no avisan: 10-15 minutos al dia. Supuestamente admin toma esa decision. No sabe cuando caen. Falta en esa epoca por semana santa--no sabe porque en esa epoca. Podria ser en cualquier momento-pero solo unos dias poco tiene,Intermitente,Option A) diario,,Cisterna de comunidad,24/7
463,Option A) del servicio publico,No,,,"En semana santa, todo el mes. A veces llega en la noche, pero con poca presion","continua (24 hrs del dia, 7 dias por semana)",Option A) diario,"En la manana, de 6am a 11am",Si podrian no darse cuenta,"Diario, 6am -11am o medio"
402,Option A) del servicio publico,Si,1 x ano,Noviembre-diciembre del ano pasado (6 meses atras)--x telefono-;pipa delegacion--facil pero si tardo llamaron y tardo una 4-5 hora.,Semana santa-quitan y avisan-1 semana. Porque gente se avienta agua. Gente junta y se aventar agua igual,Intermitente,Option C) 1 a 3 dias a la semana,Cada 3er dia,"Constantamente revisan llave, tiene que checar. Cuando cae aprovechan de hacer todo","Cada 2er dia. Llega a las 10 am, se va 8 pm. O a veces llega en la noche o tarde. Raro que pasen mas de 3 dias--vecinos a 1 calle les cae y ellos no"