"Folio","WS.WI","Total_Hwise","Preocupacion","Interrupcion","Ropa","Planes","Alimentos","Manos","Cuerpo","Bebida","Enojo","Suenio","Ninguno","Verguenza","Season"
1,"WI",4,2,0,0,0,0,0,0,0,1,0,1,0,"Oct-Dec"
2,"WI",5,0,0,0,0,0,0,1,0,2,0,2,0,"Oct-Dec"
3,"WI",1,0,0,0,0,0,0,0,0,1,0,0,0,"Oct-Dec"
4,"WI",2,0,0,0,0,0,0,0,0,1,0,0,1,"Oct-Dec"
5,"WI",12,2,1,1,1,1,0,1,0,1,0,3,1,"Oct-Dec"
6,"WI",15,1,1,2,1,3,1,1,0,1,0,2,2,"Oct-Dec"
7,"WI",9,0,1,1,1,1,1,1,0,1,0,1,1,"Oct-Dec"
8,"WI",8,2,2,2,0,0,2,0,0,0,0,0,0,"Oct-Dec"
9,"WI",3,0,2,0,0,0,0,0,0,1,0,0,0,"Oct-Dec"
10,"WI",6,2,2,2,0,0,0,0,0,0,0,0,0,"Oct-Dec"
11,"WI",11,1,0,0,1,1,0,2,0,3,0,3,0,"Oct-Dec"
12,"WI",5,1,1,0,0,0,0,0,0,1,0,1,1,"Oct-Dec"
13,"WI",5,1,1,0,1,0,0,0,0,0,1,1,0,"Oct-Dec"
14,"WI",3,1,2,0,0,0,0,0,0,0,0,0,0,"Oct-Dec"
15,"WI",1,0,0,1,0,0,0,0,0,0,0,0,0,"Oct-Dec"
16,"WI",19,3,2,2,0,1,0,3,0,3,0,3,2,"Oct-Dec"
17,"WI",6,1,1,2,1,0,0,1,0,0,0,0,0,"Oct-Dec"
18,"WI",7,0,1,1,0,0,0,0,1,2,1,1,0,"Oct-Dec"
19,"WI",8,1,1,2,1,0,0,1,0,0,0,2,0,"Oct-Dec"
20,"WI",14,2,2,1,2,1,0,2,1,2,0,0,1,"Oct-Dec"
21,"WI",1,0,0,0,0,0,0,0,0,1,0,0,0,"Oct-Dec"
22,"WI",16,1,2,1,2,2,0,1,1,3,1,1,1,"Oct-Dec"
23,"WI",27,2,1,2,3,2,2,3,3,3,0,3,3,"Oct-Dec"
24,"WI",13,1,3,2,1,1,2,1,0,1,0,1,0,"Oct-Dec"
25,"WI",8,2,2,1,1,2,0,0,0,0,0,0,0,"Oct-Dec"
26,"WI",17,2,3,1,2,3,1,1,1,2,0,1,0,"Oct-Dec"
27,"WI",12,1,2,1,1,2,0,1,1,1,0,1,1,"Oct-Dec"
28,"WI",0,0,0,0,0,0,0,0,0,0,0,0,0,"Oct-Dec"
29,"WI",12,1,2,2,1,1,0,1,0,1,0,2,1,"Oct-Dec"
30,"WI",17,2,3,3,3,0,0,0,0,2,1,3,0,"Oct-Dec"
31,"WI",18,3,1,1,3,1,2,1,0,1,1,3,1,"Oct-Dec"
32,"WI",19,2,3,2,3,0,0,2,1,3,1,2,0,"Oct-Dec"
33,"WI",14,1,3,1,2,1,1,1,1,2,1,0,0,"Oct-Dec"
34,"WI",13,1,2,1,2,0,0,1,1,0,1,2,2,"Oct-Dec"
35,"WI",NA,0,0,0,0,0,0,0,0,1,NA,0,0,"Oct-Dec"
36,"WI",1,0,0,0,0,0,0,0,0,1,0,0,0,"Oct-Dec"
37,"WI",2,1,0,0,0,0,0,0,0,0,1,0,0,"Oct-Dec"
38,"WI",5,0,0,0,0,2,0,0,0,3,0,0,0,"Oct-Dec"
39,"WI",20,2,2,3,2,1,1,2,1,2,0,2,2,"Oct-Dec"
40,"WI",22,2,2,3,1,2,2,2,1,2,0,2,3,"Oct-Dec"
41,"WS",0,0,0,0,0,0,0,0,0,0,0,0,0,"Oct-Dec"
42,"WS",0,0,0,0,0,0,0,0,0,0,0,0,0,"Oct-Dec"
43,"WS",10,1,1,1,1,2,0,0,1,1,0,2,0,"Oct-Dec"
44,"WS",0,0,0,0,0,0,0,0,0,0,0,0,0,"Oct-Dec"
45,"WI",7,1,2,1,2,0,0,0,0,1,0,0,0,"Oct-Dec"
46,"WI",13,0,2,1,3,0,0,0,0,3,0,3,1,"Oct-Dec"
47,"WS",2,0,1,0,0,0,0,0,1,0,0,0,0,"Oct-Dec"
48,"WS",NA,0,0,0,1,0,0,1,0,NA,0,0,0,"Oct-Dec"
49,"WS",0,0,0,0,0,0,0,0,0,0,0,0,0,"Oct-Dec"
50,"WS",2,1,0,0,0,0,0,0,1,0,0,0,0,"Oct-Dec"
51,"WS",3,0,1,1,0,0,0,0,0,1,0,0,0,"Oct-Dec"
52,"WI",13,1,2,1,1,2,0,1,1,2,1,1,0,"Oct-Dec"
53,"WI",4,0,1,0,0,0,0,0,0,0,0,3,0,"Oct-Dec"
54,"WI",3,0,0,1,0,0,0,0,1,0,0,1,0,"Oct-Dec"
55,"WI",8,1,2,2,1,0,0,1,0,1,0,0,0,"Oct-Dec"
56,"WI",11,1,2,3,2,0,0,0,0,2,0,0,1,"Oct-Dec"
57,"WI",12,3,2,2,2,2,0,1,0,0,0,0,0,"Oct-Dec"
58,"WI",5,0,0,1,0,0,0,1,0,1,0,2,0,"Oct-Dec"
59,"WI",7,0,1,0,0,1,0,0,1,2,0,2,0,"Oct-Dec"
60,"WI",2,0,0,0,0,0,0,0,0,2,0,0,0,"Oct-Dec"
61,"WI",3,0,0,0,1,0,0,1,0,1,0,0,0,"Oct-Dec"
62,"WI",9,1,1,0,1,0,0,1,0,2,0,3,0,"Oct-Dec"
63,"WI",NA,1,0,1,0,1,0,1,1,0,1,3,NA,"Oct-Dec"
64,"WI",9,1,1,0,1,0,0,0,0,1,0,3,2,"Oct-Dec"
65,"WI",11,1,3,1,1,0,0,0,1,3,0,1,0,"Oct-Dec"
66,"WI",0,0,0,0,0,0,0,0,0,0,0,0,0,"Oct-Dec"
67,"WI",3,1,1,0,1,0,0,0,0,0,0,0,0,"Oct-Dec"
68,"WI",12,2,1,1,3,0,0,2,0,1,0,2,0,"Oct-Dec"
69,"WI",8,2,1,2,1,0,0,0,0,2,0,0,0,"Oct-Dec"
70,"WI",4,3,1,0,0,0,0,0,0,0,0,0,0,"Oct-Dec"
71,"WS",1,0,1,0,0,0,0,0,0,0,0,0,0,"Oct-Dec"
72,"WS",2,0,0,0,0,0,0,0,1,1,0,0,0,"Oct-Dec"
73,"WI",1,0,0,0,0,0,0,0,0,1,0,0,0,"Oct-Dec"
74,"WI",0,0,0,0,0,0,0,0,0,0,0,0,0,"Oct-Dec"
75,"WI",8,1,1,1,1,1,0,0,0,2,0,1,0,"Oct-Dec"
76,"WS",0,0,0,0,0,0,0,0,0,0,0,0,0,"Oct-Dec"
77,"WS",0,0,0,0,0,0,0,0,0,0,0,0,0,"Oct-Dec"
78,"WS",0,0,0,0,0,0,0,0,0,0,0,0,0,"Oct-Dec"
79,"WS",0,0,0,0,0,0,0,0,0,0,0,0,0,"Oct-Dec"
80,"WS",1,1,0,0,0,0,0,0,0,0,0,0,0,"Oct-Dec"
81,"WS",1,0,0,0,0,0,0,0,0,1,0,0,0,"Oct-Dec"
82,"WS",6,0,1,0,0,0,0,0,1,2,0,2,0,"Oct-Dec"
83,"WS",NA,0,1,0,0,0,0,0,1,3,0,NA,0,"Oct-Dec"
84,"WS",5,1,1,0,0,0,0,0,2,0,1,0,0,"Oct-Dec"
85,"WS",1,0,0,0,0,0,0,0,0,1,0,0,0,"Oct-Dec"
86,"WS",4,1,2,0,0,0,0,0,0,1,0,0,0,"Oct-Dec"
87,"WS",23,2,3,2,2,1,2,2,1,3,2,2,1,"Oct-Dec"
88,"WS",13,1,2,2,2,2,0,2,0,1,0,1,0,"Oct-Dec"
89,"WS",8,1,0,1,0,0,1,0,2,2,0,1,0,"Oct-Dec"
90,"WS",2,0,0,0,0,0,1,0,0,0,0,0,1,"Oct-Dec"
91,"WS",7,1,2,0,2,0,0,1,0,1,0,0,0,"Oct-Dec"
92,"WS",3,0,1,0,0,0,0,0,0,2,0,0,0,"Oct-Dec"
93,"WS",5,1,2,0,1,0,0,0,0,1,0,0,0,"Oct-Dec"
94,"WS",4,0,1,0,0,0,0,0,1,1,0,0,1,"Oct-Dec"
95,"WS",4,1,1,0,1,0,0,0,0,1,0,0,0,"Oct-Dec"
96,"WS",0,0,0,0,0,0,0,0,0,0,0,0,0,"Oct-Dec"
97,"WS",0,0,0,0,0,0,0,0,0,0,0,0,0,"Oct-Dec"
98,"WS",7,0,1,2,0,0,0,0,1,1,1,0,1,"Oct-Dec"
99,"WS",9,1,3,1,0,0,0,0,1,1,1,1,0,"Oct-Dec"
100,"WS",2,0,0,1,0,0,0,0,0,1,0,0,0,"Oct-Dec"
101,"WS",20,2,3,1,1,0,0,3,3,2,1,2,2,"Oct-Dec"
102,"WS",9,2,1,2,2,0,0,1,0,1,0,0,0,"Oct-Dec"
103,"WS",8,1,1,2,0,1,0,1,0,1,0,1,0,"Oct-Dec"
104,"WS",1,0,1,0,0,0,0,0,0,0,0,0,0,"Oct-Dec"
105,"WS",0,0,0,0,0,0,0,0,0,0,0,0,0,"Oct-Dec"
106,"WS",10,1,2,0,2,0,0,1,0,1,0,3,0,"Oct-Dec"
107,"WS",11,3,3,1,2,1,0,0,0,1,0,0,0,"Oct-Dec"
108,"WS",13,3,2,3,2,1,0,0,0,1,0,1,0,"Oct-Dec"
109,"WS",8,1,0,1,3,1,0,1,0,1,0,0,0,"Oct-Dec"
110,"WS",4,0,0,0,0,1,0,0,1,0,1,1,0,"Oct-Dec"
111,"WS",16,3,2,1,0,3,2,1,0,1,0,3,0,"Oct-Dec"
112,"WS",1,1,0,0,0,0,0,0,0,0,0,0,0,"Oct-Dec"
113,"WS",6,1,1,1,2,0,0,0,0,1,0,0,0,"Oct-Dec"
114,"WS",2,0,1,1,0,0,0,0,0,0,0,0,0,"Oct-Dec"
115,"WS",5,1,1,2,0,0,0,0,0,1,0,0,0,"Oct-Dec"
116,"WS",6,3,2,0,0,0,0,1,0,0,0,0,0,"Oct-Dec"
117,"WS",2,1,0,1,0,0,0,0,0,0,0,0,0,"Oct-Dec"
118,"WS",5,0,0,0,1,1,0,1,0,1,0,1,0,"Oct-Dec"
119,"WS",10,1,2,1,1,1,0,0,1,1,1,1,0,"Oct-Dec"
120,"WS",4,0,0,0,2,1,0,1,0,0,0,0,0,"Oct-Dec"
121,"WS",4,1,0,0,0,0,0,0,1,0,1,1,0,"Oct-Dec"
122,"WS",4,0,1,1,1,0,0,0,0,0,0,1,0,"Oct-Dec"
123,"WS",2,0,1,0,0,0,0,0,0,1,0,0,0,"Oct-Dec"
124,"WS",11,3,3,0,3,0,0,0,2,0,0,0,0,"Oct-Dec"
125,"WS",0,0,0,0,0,0,0,0,0,0,0,0,0,"Oct-Dec"
126,"WS",0,0,0,0,0,0,0,0,0,0,0,0,0,"Oct-Dec"
127,"WS",0,0,0,0,0,0,0,0,0,0,0,0,0,"Oct-Dec"
128,"WS",10,3,2,1,1,0,0,0,0,1,0,2,0,"Oct-Dec"
129,"WS",4,0,0,0,1,0,0,1,1,1,0,0,0,"Oct-Dec"
130,"WS",4,0,1,1,0,0,0,0,0,1,0,1,0,"Oct-Dec"
131,"WS",14,3,2,1,1,1,0,1,1,2,1,1,0,"Oct-Dec"
132,"WS",3,0,0,0,0,0,0,0,0,0,0,3,0,"Oct-Dec"
133,"WS",2,1,0,0,0,0,0,0,1,0,0,0,0,"Oct-Dec"
134,"WS",4,1,2,0,0,0,0,0,0,0,1,0,0,"Oct-Dec"
135,"WS",3,0,2,0,0,0,0,0,0,0,0,0,1,"Oct-Dec"
136,"WS",5,1,1,1,0,0,0,0,1,0,0,1,0,"Oct-Dec"
137,"WS",5,0,1,1,0,0,1,1,0,1,0,0,0,"Oct-Dec"
138,"WS",18,2,2,3,3,2,0,3,0,3,0,0,0,"Oct-Dec"
139,"WS",5,0,1,0,0,0,0,1,1,1,0,0,1,"Oct-Dec"
140,"WS",3,0,1,0,0,0,0,0,0,1,0,1,0,"Oct-Dec"
141,"WS",13,0,1,1,2,1,2,2,0,3,0,1,0,"Oct-Dec"
142,"WS",18,1,2,3,1,1,1,2,2,3,0,2,0,"Oct-Dec"
143,"WS",4,1,0,0,0,0,0,0,1,1,0,1,0,"Oct-Dec"
144,"WS",3,0,1,0,0,0,0,0,1,0,1,0,0,"Oct-Dec"
145,"WS",6,1,2,1,0,0,0,0,0,0,0,2,0,"Oct-Dec"
146,"WS",0,0,0,0,0,0,0,0,0,0,0,0,0,"Oct-Dec"
147,"WS",5,0,0,0,0,0,0,3,0,0,0,2,0,"Oct-Dec"
148,"WS",1,0,0,0,0,0,0,0,0,1,0,0,0,"Oct-Dec"
149,"WS",17,3,3,2,2,2,0,1,0,3,0,1,0,"Oct-Dec"
150,"WS",2,0,0,0,0,0,0,0,1,1,0,0,0,"Oct-Dec"
151,"WS",6,1,0,2,0,0,1,1,0,1,0,0,0,"Oct-Dec"
152,"WS",13,3,2,1,1,0,0,1,1,3,0,1,0,"Oct-Dec"
153,"WS",14,2,1,2,1,0,0,2,2,2,2,0,0,"Oct-Dec"
154,"WS",8,2,3,1,1,0,0,0,0,1,0,0,0,"Oct-Dec"
155,"WS",12,1,3,3,0,1,0,0,0,2,0,2,0,"Oct-Dec"
156,"WS",8,2,1,2,3,0,0,0,0,0,0,0,0,"Oct-Dec"
157,"WS",8,2,2,1,1,0,0,0,0,1,0,1,0,"Oct-Dec"
158,"WS",9,3,2,2,2,0,0,0,0,0,0,0,0,"Oct-Dec"
159,"WS",5,1,1,1,0,0,0,0,0,1,0,1,0,"Oct-Dec"
160,"WS",2,0,2,0,0,0,0,0,0,0,0,0,0,"Oct-Dec"
161,"WS",9,1,2,1,1,0,0,2,0,2,0,0,0,"Oct-Dec"
162,"WS",6,1,2,0,0,0,0,1,0,1,0,1,0,"Oct-Dec"
163,"WS",1,0,1,0,0,0,0,0,0,0,0,0,0,"Oct-Dec"
165,"WS",2,0,1,0,1,0,0,0,0,0,0,0,0,"Oct-Dec"
166,"WI",11,0,1,1,3,0,0,1,0,2,1,2,0,"Oct-Dec"
167,"WI",16,2,2,2,1,1,1,1,1,1,1,2,1,"Oct-Dec"
168,"WI",NA,2,2,1,2,1,0,0,0,0,0,0,NA,"Oct-Dec"
169,"WI",8,1,3,1,0,0,1,0,0,1,0,1,0,"Oct-Dec"
170,"WI",13,1,3,3,2,0,0,2,0,2,0,0,0,"Oct-Dec"
171,"WI",13,3,3,0,1,0,0,1,1,2,2,0,0,"Oct-Dec"
172,"WI",9,1,2,0,1,1,0,0,1,2,0,1,0,"Oct-Dec"
173,"WI",5,1,2,0,1,0,0,0,0,1,0,0,0,"Oct-Dec"
174,"WI",5,0,1,1,0,0,0,0,1,1,0,1,0,"Oct-Dec"
175,"WI",10,0,2,0,2,0,2,1,2,1,0,0,0,"Oct-Dec"
176,"WI",8,2,1,0,0,0,0,2,1,0,2,0,0,"Oct-Dec"
177,"WI",12,2,0,2,3,0,1,0,1,0,1,2,0,"Oct-Dec"
178,"WI",8,2,2,2,0,0,0,1,0,1,0,0,0,"Oct-Dec"
179,"WI",1,0,1,0,0,0,0,0,0,0,0,0,0,"Oct-Dec"
180,"WI",11,1,1,0,1,0,0,2,0,2,0,3,1,"Oct-Dec"
181,"WI",0,0,0,0,0,0,0,0,0,0,0,0,0,"Oct-Dec"
182,"WI",25,2,2,2,2,2,1,3,2,3,2,3,1,"Oct-Dec"
183,"WI",0,0,0,0,0,0,0,0,0,0,0,0,0,"Oct-Dec"
184,"WI",5,3,1,0,0,0,0,0,0,1,0,0,0,"Oct-Dec"
185,"WI",9,1,3,1,1,0,1,0,1,1,0,0,0,"Oct-Dec"
186,"WI",12,2,2,1,1,1,0,1,0,2,1,0,1,"Oct-Dec"
187,"WI",4,0,1,1,0,0,0,1,0,1,0,0,0,"Oct-Dec"
188,"WI",2,0,0,0,0,0,0,0,1,0,0,1,0,"Oct-Dec"
189,"WI",7,0,1,1,2,0,0,2,0,1,0,0,0,"Oct-Dec"
190,"WI",16,1,1,1,2,1,0,1,1,1,1,3,3,"Oct-Dec"
191,"WI",6,1,1,2,0,0,0,2,0,0,0,0,0,"Oct-Dec"
192,"WI",7,2,1,0,1,0,1,0,1,1,0,0,0,"Oct-Dec"
193,"WI",8,2,1,0,0,1,1,1,0,1,0,1,0,"Oct-Dec"
194,"WI",9,0,1,2,2,0,0,0,2,0,1,1,0,"Oct-Dec"
195,"WI",13,2,2,1,1,1,0,2,0,2,0,1,1,"Oct-Dec"
196,"WI",13,1,2,1,2,1,0,1,1,1,1,2,0,"Oct-Dec"
197,"WI",6,0,3,0,0,1,0,0,0,1,0,1,0,"Oct-Dec"
198,"WI",1,0,1,0,0,0,0,0,0,0,0,0,0,"Oct-Dec"
199,"WI",6,0,2,0,0,0,0,0,2,0,2,0,0,"Oct-Dec"
200,"WI",14,3,3,0,3,0,0,0,0,3,0,2,0,"Oct-Dec"
201,"WI",22,3,3,1,3,2,1,1,2,3,1,2,0,"Oct-Dec"
202,"WI",5,0,0,0,0,2,0,0,1,0,1,0,1,"Oct-Dec"
203,"WI",11,1,2,2,0,2,0,0,0,2,0,2,0,"Oct-Dec"
204,"WI",13,1,1,2,1,1,2,1,1,2,0,1,0,"Oct-Dec"
301,"WI",5,2,0,1,0,0,0,0,0,2,0,0,0,"Apr-Jun"
302,"WI",0,0,0,0,0,0,0,0,0,0,0,0,0,"Apr-Jun"
303,"WI",6,2,2,2,0,0,0,0,0,0,0,0,0,"Apr-Jun"
304,"WI",6,1,0,0,1,0,1,1,0,1,0,1,0,"Apr-Jun"
305,"WI",4,1,2,0,0,0,0,0,0,0,1,0,0,"Apr-Jun"
306,"WI",16,2,3,1,3,0,0,3,0,1,0,3,0,"Apr-Jun"
307,"WI",8,3,0,0,0,1,0,0,1,1,1,1,0,"Apr-Jun"
308,"WI",11,2,2,1,2,0,0,2,1,1,0,0,0,"Apr-Jun"
309,"WI",7,1,1,1,1,1,0,0,0,1,0,1,0,"Apr-Jun"
310,"WI",19,3,1,1,3,3,0,0,1,3,0,3,1,"Apr-Jun"
311,"WI",8,1,2,3,1,0,0,0,0,1,0,0,0,"Apr-Jun"
312,"WI",5,1,1,1,0,0,0,1,0,1,0,0,0,"Apr-Jun"
313,"WI",3,1,0,0,0,0,0,1,0,1,0,0,0,"Apr-Jun"
314,"WI",21,2,3,3,2,1,0,1,2,1,1,3,2,"Apr-Jun"
315,"WI",7,2,1,2,0,0,0,0,0,1,1,0,0,"Apr-Jun"
316,"WI",22,3,3,2,3,2,1,2,0,3,0,1,2,"Apr-Jun"
317,"WI",6,1,2,0,0,1,0,0,0,1,0,1,0,"Apr-Jun"
318,"WI",8,1,2,3,0,0,0,0,0,1,0,1,0,"Apr-Jun"
319,"WI",15,1,2,2,2,1,2,2,1,2,0,0,0,"Apr-Jun"
320,"WI",10,2,2,2,1,0,0,0,0,2,0,1,0,"Apr-Jun"
321,"WI",6,1,0,0,1,0,0,0,1,1,1,1,0,"Apr-Jun"
322,"WI",11,2,3,2,2,0,0,0,0,2,0,0,0,"Apr-Jun"
323,"WI",1,0,1,0,0,0,0,0,0,0,0,0,0,"Apr-Jun"
324,"WI",9,0,1,0,2,0,1,2,0,1,0,1,1,"Apr-Jun"
325,"WI",11,2,1,2,1,1,0,2,0,2,0,0,0,"Apr-Jun"
326,"WS",5,1,1,1,1,0,0,0,0,1,0,0,0,"Apr-Jun"
327,"WI",1,0,1,0,0,0,0,0,0,0,0,0,0,"Apr-Jun"
328,"WI",2,0,2,0,0,0,0,0,0,0,0,0,0,"Apr-Jun"
329,"WI",14,1,3,0,3,1,0,0,2,1,0,1,2,"Apr-Jun"
330,"WI",20,3,3,3,0,1,1,2,2,2,1,2,0,"Apr-Jun"
331,"WI",3,0,1,1,0,0,1,0,0,0,0,0,0,"Apr-Jun"
332,"WS",11,3,2,1,2,1,0,0,1,0,1,0,0,"Apr-Jun"
333,"WS",26,3,3,3,3,3,0,3,0,3,0,3,2,"Apr-Jun"
334,"WI",6,1,2,1,1,0,0,0,0,1,0,0,0,"Apr-Jun"
335,"WS",7,3,3,1,0,0,0,0,0,0,0,0,0,"Apr-Jun"
336,"WS",7,0,1,2,0,0,0,3,0,1,0,0,0,"Apr-Jun"
337,"WS",2,2,0,0,0,0,0,0,0,0,0,0,0,"Apr-Jun"
338,"WS",9,1,2,3,0,0,0,2,0,1,0,0,0,"Apr-Jun"
339,"WS",10,2,2,1,2,0,0,1,1,1,0,0,0,"Apr-Jun"
340,"WS",2,0,1,0,0,0,0,0,0,0,1,0,0,"Apr-Jun"
341,"WS",14,2,3,2,2,0,0,1,1,2,0,0,1,"Apr-Jun"
342,"WS",14,1,2,2,3,1,0,1,1,2,0,1,0,"Apr-Jun"
343,"WS",19,3,2,3,2,1,2,3,2,1,0,0,0,"Apr-Jun"
344,"WS",15,3,2,2,2,1,0,0,0,2,0,2,1,"Apr-Jun"
345,"WS",27,3,3,3,3,3,1,2,3,3,0,1,2,"Apr-Jun"
346,"WS",14,2,3,2,1,0,0,1,1,2,1,1,0,"Apr-Jun"
347,"WS",NA,2,3,3,2,1,1,2,2,1,1,1,NA,"Apr-Jun"
348,"WS",21,1,1,2,2,1,1,3,2,2,2,3,1,"Apr-Jun"
349,"WS",20,1,2,3,2,3,2,1,1,1,1,2,1,"Apr-Jun"
350,"WS",7,1,3,0,0,0,0,0,0,3,0,0,0,"Apr-Jun"
351,"WS",21,3,2,3,2,1,1,2,0,3,1,2,1,"Apr-Jun"
352,"WS",16,2,2,2,2,2,1,2,0,2,0,1,0,"Apr-Jun"
353,"WS",16,2,2,1,2,1,1,3,0,2,0,1,1,"Apr-Jun"
354,"WI",8,2,1,0,0,1,0,0,1,3,0,0,0,"Apr-Jun"
355,"WS",2,1,0,0,0,0,0,0,1,0,0,0,0,"Apr-Jun"
356,"WI",2,0,1,0,0,0,0,0,0,0,0,0,1,"Apr-Jun"
357,"WS",15,3,2,1,2,2,1,2,0,2,0,0,0,"Apr-Jun"
358,"WS",NA,3,3,NA,2,0,0,0,0,2,0,0,0,"Apr-Jun"
359,"WS",3,0,1,0,0,0,0,0,0,0,1,1,0,"Apr-Jun"
360,"WS",0,0,0,0,0,0,0,0,0,0,0,0,0,"Apr-Jun"
361,"WS",17,1,2,3,3,0,0,3,0,2,0,3,0,"Apr-Jun"
362,"WS",4,0,1,0,0,0,0,0,1,1,1,0,0,"Apr-Jun"
363,"WS",18,2,2,1,2,1,1,2,2,1,2,2,0,"Apr-Jun"
364,"WS",NA,0,2,2,0,NA,0,0,0,2,0,0,0,"Apr-Jun"
365,"WS",1,0,0,0,0,0,0,0,1,0,0,0,0,"Apr-Jun"
366,"WS",11,3,3,3,0,0,0,0,1,1,0,0,0,"Apr-Jun"
367,"WS",8,1,2,1,1,0,0,0,1,1,0,1,0,"Apr-Jun"
368,"WS",13,2,1,0,0,0,3,3,1,1,1,1,0,"Apr-Jun"
369,"WS",10,2,2,1,2,0,1,0,1,1,0,0,0,"Apr-Jun"
370,"WS",6,1,1,1,1,0,0,1,0,1,0,0,0,"Apr-Jun"
371,"WS",17,2,3,2,2,2,1,1,2,2,0,0,0,"Apr-Jun"
372,"WI",6,1,1,0,0,1,0,0,1,1,1,0,0,"Apr-Jun"
373,"WI",17,2,2,1,1,1,1,1,1,1,2,2,2,"Apr-Jun"
374,"WI",9,1,1,2,0,0,1,1,0,3,0,0,0,"Apr-Jun"
375,"WI",11,2,1,1,1,1,1,1,1,2,0,0,0,"Apr-Jun"
376,"WI",9,1,1,2,0,0,0,2,0,1,0,1,1,"Apr-Jun"
377,"WI",5,0,2,0,3,0,0,0,0,0,0,0,0,"Apr-Jun"
378,"WI",15,2,2,2,1,0,0,2,1,2,1,2,0,"Apr-Jun"
380,"WI",13,1,2,2,2,0,0,0,1,2,1,2,0,"Apr-Jun"
381,"WI",9,2,1,1,0,0,0,1,1,1,1,1,0,"Apr-Jun"
382,"WI",11,2,1,2,2,0,0,1,0,2,0,1,0,"Apr-Jun"
383,"WI",7,0,2,1,2,0,0,0,0,1,0,0,1,"Apr-Jun"
384,"WI",12,2,1,1,1,1,0,1,1,2,1,0,1,"Apr-Jun"
385,"WI",12,2,3,2,0,0,0,2,1,1,0,1,0,"Apr-Jun"
386,"WI",3,1,0,0,1,0,0,0,0,1,0,0,0,"Apr-Jun"
387,"WI",5,0,1,1,0,0,0,0,1,1,1,0,0,"Apr-Jun"
388,"WI",9,2,3,2,2,0,0,0,0,0,0,0,0,"Apr-Jun"
389,"WI",2,0,1,0,1,0,0,0,0,0,0,0,0,"Apr-Jun"
390,"WI",5,1,1,1,1,0,0,0,0,0,0,0,1,"Apr-Jun"
391,"WI",8,1,1,2,1,0,0,2,0,1,0,0,0,"Apr-Jun"
392,"WI",1,0,0,1,0,0,0,0,0,0,0,0,0,"Apr-Jun"
393,"WI",19,2,2,2,1,1,1,2,2,1,2,1,2,"Apr-Jun"
394,"WI",14,1,3,2,1,1,0,2,1,1,1,1,0,"Apr-Jun"
395,"WI",7,0,1,2,1,0,0,0,1,1,1,0,0,"Apr-Jun"
396,"WI",11,2,1,0,0,1,0,3,1,3,0,0,0,"Apr-Jun"
397,"WI",7,2,1,2,0,0,0,0,0,2,0,0,0,"Apr-Jun"
398,"WI",3,0,1,0,0,0,0,0,0,1,0,1,0,"Apr-Jun"
399,"WI",19,2,2,3,2,1,1,2,1,2,1,1,1,"Apr-Jun"
400,"WI",11,1,2,1,2,0,0,2,1,2,0,0,0,"Apr-Jun"
401,"WI",10,1,2,2,1,0,0,1,1,1,0,1,0,"Apr-Jun"
402,"WI",10,2,1,1,1,0,0,1,1,1,1,1,0,"Apr-Jun"
403,"WI",3,0,0,0,3,0,0,0,0,0,0,0,0,"Apr-Jun"
404,"WI",7,1,1,0,0,0,0,1,0,1,0,3,0,"Apr-Jun"
405,"WI",6,1,2,2,0,0,0,0,0,1,0,0,0,"Apr-Jun"
406,"WS",13,2,2,2,1,1,1,2,0,1,0,1,0,"Apr-Jun"
407,"WS",10,0,1,1,0,0,1,1,2,1,2,1,0,"Apr-Jun"
408,"WS",4,0,0,0,1,0,0,1,0,1,0,1,0,"Apr-Jun"
409,"WS",9,1,1,2,2,0,0,1,0,1,0,1,0,"Apr-Jun"
410,"WS",12,3,2,2,1,0,0,1,0,2,0,1,0,"Apr-Jun"
411,"WS",17,3,3,2,2,1,0,1,0,2,0,2,1,"Apr-Jun"
412,"WS",10,3,3,0,0,0,0,2,0,1,0,1,0,"Apr-Jun"
413,"WS",3,0,1,0,0,0,0,0,1,0,0,1,0,"Apr-Jun"
414,"WS",1,1,0,0,0,0,0,0,0,0,0,0,0,"Apr-Jun"
415,"WS",18,2,3,2,2,2,1,1,0,2,0,3,0,"Apr-Jun"
416,"WS",20,2,2,1,3,2,2,1,3,1,0,2,1,"Apr-Jun"
417,"WS",16,2,2,2,2,1,0,0,2,2,2,1,0,"Apr-Jun"
418,"WI",5,1,0,1,1,0,0,1,0,1,0,0,0,"Apr-Jun"
419,"WI",2,0,0,0,0,0,0,0,1,1,0,0,0,"Apr-Jun"
420,"WI",11,2,2,1,0,0,0,1,0,2,1,2,0,"Apr-Jun"
421,"WI",15,1,2,1,2,1,0,1,1,2,1,3,0,"Apr-Jun"
422,"WI",1,0,0,0,0,0,0,0,0,0,1,0,0,"Apr-Jun"
423,"WI",17,2,2,2,1,0,2,2,1,2,1,2,0,"Apr-Jun"
424,"WI",10,2,2,1,0,0,1,2,0,2,0,0,0,"Apr-Jun"
425,"WI",2,0,0,1,0,0,0,0,0,0,0,1,0,"Apr-Jun"
426,"WI",17,2,2,2,3,2,2,2,0,2,0,0,0,"Apr-Jun"
428,"WI",6,1,1,1,0,0,0,1,0,2,0,0,0,"Apr-Jun"
429,"WI",10,1,2,2,3,0,0,0,0,1,0,1,0,"Apr-Jun"
430,"WI",15,1,2,2,2,1,0,2,2,2,1,0,0,"Apr-Jun"
431,"WI",16,3,2,3,0,0,1,1,1,0,1,3,1,"Apr-Jun"
432,"WS",2,0,1,0,0,0,0,0,1,0,0,0,0,"Apr-Jun"
433,"WS",6,1,1,1,0,0,0,1,0,1,0,1,0,"Apr-Jun"
434,"WS",8,1,1,1,1,0,0,1,1,0,1,1,0,"Apr-Jun"
435,"WS",4,3,0,0,0,0,0,0,0,1,0,0,0,"Apr-Jun"
436,"WS",20,2,1,3,2,3,1,2,1,0,2,1,2,"Apr-Jun"
437,"WS",11,1,1,1,2,0,0,1,1,1,1,2,0,"Apr-Jun"
438,"WS",17,3,1,1,2,1,2,2,1,2,0,2,0,"Apr-Jun"
439,"WS",12,1,2,2,1,0,1,1,1,1,1,1,0,"Apr-Jun"
440,"WI",7,1,2,1,0,0,0,1,0,1,0,1,0,"Apr-Jun"
441,"WI",18,2,3,3,2,0,0,2,1,1,1,3,0,"Apr-Jun"
442,"WI",14,2,2,1,3,1,0,2,2,1,0,0,0,"Apr-Jun"
443,"WI",13,2,1,2,0,1,0,1,1,1,1,3,0,"Apr-Jun"
444,"WI",2,1,0,1,0,0,0,0,0,0,0,0,0,"Apr-Jun"
445,"WI",11,3,3,3,0,0,0,1,0,0,0,1,0,"Apr-Jun"
446,"WI",11,2,2,1,1,2,0,0,0,1,0,1,1,"Apr-Jun"
447,"WI",10,2,2,3,1,0,0,0,0,1,0,1,0,"Apr-Jun"
448,"WI",3,0,1,0,0,0,0,0,1,0,1,0,0,"Apr-Jun"
449,"WS",9,1,1,1,1,1,0,0,1,1,0,2,0,"Apr-Jun"
450,"WS",27,3,3,3,3,2,3,3,2,3,1,1,0,"Apr-Jun"
451,"WS",5,0,1,1,0,0,1,1,0,0,0,1,0,"Apr-Jun"
452,"WS",18,2,2,1,2,1,1,2,1,2,1,3,0,"Apr-Jun"
453,"WS",16,1,2,2,1,2,1,1,1,2,0,2,1,"Apr-Jun"
454,"WS",7,1,2,2,0,0,0,1,0,1,0,0,0,"Apr-Jun"
455,"WS",3,1,0,0,0,0,0,0,1,1,0,0,0,"Apr-Jun"
456,"WS",23,3,3,2,3,2,2,2,1,3,1,1,0,"Apr-Jun"
457,"WI",5,1,1,1,0,0,0,1,0,0,0,1,0,"Apr-Jun"
458,"WS",15,3,2,2,0,1,1,1,1,1,1,1,1,"Apr-Jun"
459,"WI",1,0,0,1,0,0,0,0,0,0,0,0,0,"Apr-Jun"
460,"WI",17,3,1,2,3,0,1,2,0,2,0,1,2,"Apr-Jun"
461,"WI",0,0,0,0,0,0,0,0,0,0,0,0,0,"Apr-Jun"
462,"WI",0,0,0,0,0,0,0,0,0,0,0,0,0,"Apr-Jun"
463,"WS",9,3,2,2,0,0,0,0,0,2,0,0,0,"Apr-Jun"
464,"WS",9,1,2,1,1,1,0,1,0,1,0,1,0,"Apr-Jun"
465,"WS",0,0,0,0,0,0,0,0,0,0,0,0,0,"Apr-Jun"
466,"WS",5,3,1,0,0,1,0,0,0,0,0,0,0,"Apr-Jun"
467,"WS",13,2,1,1,1,2,1,0,0,2,2,1,0,"Apr-Jun"
468,"WS",7,0,1,2,0,0,1,1,0,0,0,2,0,"Apr-Jun"
469,"WS",5,1,2,1,0,0,0,1,0,0,0,0,0,"Apr-Jun"
470,"WS",11,2,2,2,1,0,0,1,0,2,0,1,0,"Apr-Jun"
471,"WS",14,2,2,2,1,2,0,2,0,1,0,1,1,"Apr-Jun"
472,"WS",9,0,0,0,2,0,0,0,0,3,0,2,2,"Apr-Jun"
473,"WS",9,1,3,2,2,0,0,0,0,0,1,0,0,"Apr-Jun"
474,"WS",5,1,1,0,0,0,1,1,0,0,0,1,0,"Apr-Jun"
475,"WS",26,3,3,3,1,3,3,2,0,3,0,3,2,"Apr-Jun"
476,"WS",7,3,1,1,1,0,0,0,0,1,0,0,0,"Apr-Jun"
477,"WS",8,3,1,0,0,2,0,0,0,2,0,0,0,"Apr-Jun"
478,"WI",16,3,2,2,2,1,2,2,0,1,0,1,0,"Apr-Jun"
479,"WI",20,2,3,2,2,1,1,2,1,3,1,2,0,"Apr-Jun"
480,"WI",4,1,1,0,0,0,0,0,1,0,1,0,0,"Apr-Jun"
481,"WI",8,1,1,2,1,0,0,0,1,1,0,1,0,"Apr-Jun"
482,"WI",1,0,0,0,1,0,0,0,0,0,0,0,0,"Apr-Jun"
483,"WS",20,1,1,3,3,3,0,2,1,2,1,3,0,"Apr-Jun"
484,"WS",5,1,2,1,0,0,0,0,1,0,0,0,0,"Apr-Jun"
485,"WS",12,1,1,2,3,3,0,1,0,1,0,0,0,"Apr-Jun"
486,"WS",14,3,1,2,2,2,1,1,0,1,0,1,0,"Apr-Jun"
487,"WS",16,3,2,2,2,1,0,2,0,2,0,2,0,"Apr-Jun"
488,"WS",1,0,0,0,0,0,0,0,0,0,0,1,0,"Apr-Jun"
489,"WS",3,0,0,0,0,0,3,0,0,0,0,0,0,"Apr-Jun"
490,"WS",11,2,2,2,1,0,1,1,0,1,0,1,0,"Apr-Jun"
491,"WS",11,2,1,1,1,1,1,1,0,2,1,0,0,"Apr-Jun"
492,"WS",7,1,1,0,1,2,0,0,0,1,0,1,0,"Apr-Jun"
493,"WS",4,0,1,0,1,0,0,1,0,0,0,1,0,"Apr-Jun"
494,"WS",2,1,0,1,0,0,0,0,0,0,0,0,0,"Apr-Jun"
495,"WS",3,1,2,0,0,0,0,0,0,0,0,0,0,"Apr-Jun"
496,"WS",3,2,1,0,0,0,0,0,0,0,0,0,0,"Apr-Jun"
497,"WS",10,2,2,1,1,0,0,2,0,1,0,1,0,"Apr-Jun"
