"","Folio","X","WS.WI","SES_score","Total_Hwise","Preocupacion","Season","Emotions","X1.day.week..6.to.12","X3.days.week","X5.days.week","participant"
"1",2,1,"WI",196,5,0,"Oct-Dec",2,1,2,4,"2"
"2",3,2,"WI",52,1,0,"Oct-Dec",1,1,4,4,"3"
"3",4,3,"WI",214,2,0,"Oct-Dec",2,1,2,3,"4"
"4",5,4,"WI",117,12,2,"Oct-Dec",4,1,2,4,"4"
"5",6,5,"WI",220,15,1,"Oct-Dec",4,1,2,4,"1"
"6",7,6,"WI",130,9,0,"Oct-Dec",2,1,3,4,"1"
"7",8,7,"WI",131,8,2,"Oct-Dec",2,1,2,4,"2"
"8",9,8,"WI",71,3,0,"Oct-Dec",1,4,4,4,"4"
"9",10,9,"WI",117,6,2,"Oct-Dec",2,1,3,4,"3"
"10",11,10,"WI",159,11,1,"Oct-Dec",4,2,4,4,"2"
"11",12,11,"WI",204,5,1,"Oct-Dec",3,1,2,4,"3"
"12",13,12,"WI",159,5,1,"Oct-Dec",1,1,2,4,"2"
"13",14,13,"WI",132,3,1,"Oct-Dec",1,1,1,3,"3"
"14",15,14,"WI",113,1,0,"Oct-Dec",0,2,3,4,"4"
"15",16,15,"WI",104,19,3,"Oct-Dec",8,1,3,4,"1"
"16",17,16,"WI",127,6,1,"Oct-Dec",1,1,2,4,"1"
"17",19,17,"WI",110,8,1,"Oct-Dec",1,1,2,3,"1"
"18",20,18,"WI",199,14,2,"Oct-Dec",5,1,2,3,"2"
"19",21,19,"WI",86,1,0,"Oct-Dec",1,1,2,4,"3"
"20",23,20,"WI",107,27,2,"Oct-Dec",8,1,2,3,"2"
"21",24,21,"WI",125,13,1,"Oct-Dec",2,1,3,4,"2"
"22",25,22,"WI",174,8,2,"Oct-Dec",2,2,2,3,"2"
"23",26,23,"WI",140,17,2,"Oct-Dec",4,2,3,3,"2"
"24",27,24,"WI",141,12,1,"Oct-Dec",3,2,3,4,"3"
"25",28,25,"WI",187,0,0,"Oct-Dec",0,3,3,4,"4"
"26",29,26,"WI",141,12,1,"Oct-Dec",3,1,2,4,"2"
"27",30,27,"WI",102,17,2,"Oct-Dec",4,1,2,4,"2"
"28",31,28,"WI",137,18,3,"Oct-Dec",5,1,2,3,"2"
"29",32,29,"WI",184,19,2,"Oct-Dec",5,3,2,4,"1"
"30",33,30,"WI",198,14,1,"Oct-Dec",3,1,3,4,"4"
"31",34,31,"WI",121,13,1,"Oct-Dec",3,1,2,4,"3"
"32",35,32,"WI",102,NA,0,"Oct-Dec",1,1,3,4,"4"
"33",36,33,"WI",113,1,0,"Oct-Dec",1,1,2,4,"4"
"34",37,34,"WI",99,2,1,"Oct-Dec",1,2,3,4,"4"
"35",38,35,"WI",167,5,0,"Oct-Dec",3,2,2,4,"3"
"36",39,36,"WI",111,20,2,"Oct-Dec",6,1,3,4,"1"
"37",40,37,"WI",83,22,2,"Oct-Dec",7,1,2,3,"2"
"38",41,38,"WS",171,0,0,"Oct-Dec",0,1,2,3,"4"
"39",42,39,"WS",122,0,0,"Oct-Dec",0,1,2,3,"4"
"40",43,40,"WS",222,10,1,"Oct-Dec",2,1,2,3,"3"
"41",44,41,"WS",149,0,0,"Oct-Dec",0,1,3,3,"4"
"42",45,42,"WI",106,7,1,"Oct-Dec",2,1,2,4,"1"
"43",46,43,"WI",110,13,0,"Oct-Dec",4,1,2,3,"2"
"44",47,44,"WS",222,2,0,"Oct-Dec",0,1,2,3,"4"
"45",48,45,"WS",125,NA,0,"Oct-Dec",0,1,1,1,"2"
"46",49,46,"WS",148,0,0,"Oct-Dec",0,1,2,3,"3"
"47",50,47,"WS",227,2,1,"Oct-Dec",1,3,4,4,"4"
"48",51,48,"WS",143,3,0,"Oct-Dec",1,1,2,3,"4"
"49",52,49,"WI",111,13,1,"Oct-Dec",3,1,2,3,"3"
"50",53,50,"WI",132,4,0,"Oct-Dec",0,2,3,3,"3"
"51",54,51,"WI",108,3,0,"Oct-Dec",0,1,2,2,"3"
"52",55,52,"WI",107,8,1,"Oct-Dec",2,1,2,3,"2"
"53",56,53,"WI",43,11,1,"Oct-Dec",4,1,2,4,"1"
"54",57,54,"WI",83,12,3,"Oct-Dec",3,1,3,4,"3"
"55",58,55,"WI",128,5,0,"Oct-Dec",1,1,3,4,"2"
"56",59,56,"WI",159,7,0,"Oct-Dec",2,1,3,3,"4"
"57",60,57,"WI",153,2,0,"Oct-Dec",2,1,2,4,"4"
"58",61,58,"WI",123,3,0,"Oct-Dec",1,1,3,4,"3"
"59",62,59,"WI",120,9,1,"Oct-Dec",3,1,3,4,"3"
"60",63,60,"WI",174,NA,1,"Oct-Dec",1,1,2,3,"2"
"61",64,61,"WI",170,9,1,"Oct-Dec",4,1,3,4,"3"
"62",65,62,"WI",153,11,1,"Oct-Dec",4,1,2,3,"2"
"63",66,63,"WI",217,0,0,"Oct-Dec",0,1,2,4,"2"
"64",67,64,"WI",195,3,1,"Oct-Dec",1,3,2,4,"3"
"65",68,65,"WI",145,12,2,"Oct-Dec",3,1,2,4,"2"
"66",69,66,"WI",230,8,2,"Oct-Dec",4,1,3,3,"3"
"67",70,67,"WI",147,4,3,"Oct-Dec",3,1,3,4,"3"
"68",72,68,"WS",158,2,0,"Oct-Dec",1,1,1,2,"4"
"69",73,69,"WI",161,1,0,"Oct-Dec",1,1,3,4,"4"
"70",74,70,"WI",47,0,0,"Oct-Dec",0,1,2,4,"4"
"71",75,71,"WI",142,8,1,"Oct-Dec",3,1,2,4,"3"
"72",76,72,"WS",129,0,0,"Oct-Dec",0,3,3,4,"4"
"73",77,73,"WS",113,0,0,"Oct-Dec",0,1,2,4,"4"
"74",78,74,"WS",129,0,0,"Oct-Dec",0,1,2,2,"3"
"75",79,75,"WS",194,0,0,"Oct-Dec",0,1,2,3,"3"
"76",80,76,"WS",146,1,1,"Oct-Dec",1,1,2,3,"4"
"77",81,77,"WS",136,1,0,"Oct-Dec",1,1,3,3,"4"
"78",82,78,"WS",213,6,0,"Oct-Dec",2,1,4,4,"4"
"79",83,79,"WS",235,NA,0,"Oct-Dec",3,1,2,3,"4"
"80",84,80,"WS",151,5,1,"Oct-Dec",1,1,2,3,"2"
"81",85,81,"WS",211,1,0,"Oct-Dec",1,1,2,4,"4"
"82",86,82,"WS",109,4,1,"Oct-Dec",2,1,2,2,"2"
"83",87,83,"WS",84,23,2,"Oct-Dec",6,3,2,4,"3"
"84",88,84,"WS",190,13,1,"Oct-Dec",2,1,2,3,"3"
"85",89,85,"WS",164,8,1,"Oct-Dec",3,1,3,4,"3"
"86",90,86,"WS",234,2,0,"Oct-Dec",1,1,3,2,"4"
"87",91,87,"WS",198,7,1,"Oct-Dec",2,1,3,4,"3"
"88",92,88,"WS",174,3,0,"Oct-Dec",2,1,2,4,"4"
"89",93,89,"WS",222,5,1,"Oct-Dec",2,1,3,3,"3"
"90",94,90,"WS",117,4,0,"Oct-Dec",2,2,2,4,"4"
"91",95,91,"WS",150,4,1,"Oct-Dec",2,1,2,4,"2"
"92",96,92,"WS",127,0,0,"Oct-Dec",0,1,2,4,"4"
"93",97,93,"WS",135,0,0,"Oct-Dec",0,3,4,4,"4"
"94",98,94,"WS",83,7,0,"Oct-Dec",2,1,4,4,"4"
"95",99,95,"WS",133,9,1,"Oct-Dec",2,1,2,3,"3"
"96",100,96,"WS",204,2,0,"Oct-Dec",1,2,3,4,"4"
"97",101,97,"WS",176,20,2,"Oct-Dec",6,1,2,4,"3"
"98",102,98,"WS",194,9,2,"Oct-Dec",3,1,2,4,"3"
"99",103,99,"WS",156,8,1,"Oct-Dec",2,2,3,3,"3"
"100",104,100,"WS",151,1,0,"Oct-Dec",0,1,2,3,"4"
"101",105,101,"WS",191,0,0,"Oct-Dec",0,1,2,3,"3"
"102",106,102,"WS",64,10,1,"Oct-Dec",2,1,2,3,"2"
"103",110,103,"WS",125,4,0,"Oct-Dec",0,1,3,4,"2"
"104",111,104,"WS",143,16,3,"Oct-Dec",4,1,2,4,"4"
"105",112,105,"WS",89,1,1,"Oct-Dec",1,1,1,4,"4"
"106",113,106,"WS",125,6,1,"Oct-Dec",2,2,4,4,"4"
"107",114,107,"WS",119,2,0,"Oct-Dec",0,1,1,2,"4"
"108",115,108,"WS",201,5,1,"Oct-Dec",2,1,3,4,"3"
"109",116,109,"WS",101,6,3,"Oct-Dec",3,1,2,4,"3"
"110",117,110,"WS",209,2,1,"Oct-Dec",1,1,3,4,"2"
"111",118,111,"WS",159,5,0,"Oct-Dec",1,1,2,3,"4"
"112",119,112,"WS",125,10,1,"Oct-Dec",2,1,2,4,"1"
"113",120,113,"WS",94,4,0,"Oct-Dec",0,2,4,4,"2"
"114",121,114,"WS",78,4,1,"Oct-Dec",1,1,3,3,"4"
"115",123,116,"WS",167,2,0,"Oct-Dec",1,1,4,4,"2"
"116",124,117,"WS",159,11,3,"Oct-Dec",3,1,3,3,"4"
"117",125,118,"WS",128,0,0,"Oct-Dec",0,1,1,2,"3"
"118",126,119,"WS",162,0,0,"Oct-Dec",0,1,2,2,"4"
"119",127,120,"WS",188,0,0,"Oct-Dec",0,1,2,3,"4"
"120",128,121,"WS",52,10,3,"Oct-Dec",4,1,3,3,"1"
"121",129,122,"WS",200,4,0,"Oct-Dec",1,1,1,2,"4"
"122",130,123,"WS",161,4,0,"Oct-Dec",1,2,1,3,"4"
"123",131,124,"WS",116,14,3,"Oct-Dec",5,1,1,3,"3"
"124",132,125,"WS",119,3,0,"Oct-Dec",0,1,1,2,"3"
"125",133,126,"WS",113,2,1,"Oct-Dec",1,1,1,2,"3"
"126",134,127,"WS",115,4,1,"Oct-Dec",1,1,2,4,"4"
"127",135,128,"WS",220,3,0,"Oct-Dec",1,1,2,3,"2"
"128",136,129,"WS",197,5,1,"Oct-Dec",1,1,2,3,"4"
"129",137,130,"WS",121,5,0,"Oct-Dec",1,1,1,2,"2"
"130",138,131,"WS",138,18,2,"Oct-Dec",5,1,3,4,"3"
"131",139,132,"WS",120,5,0,"Oct-Dec",2,1,2,2,"2"
"132",140,133,"WS",228,3,0,"Oct-Dec",1,1,2,3,"4"
"133",141,134,"WS",141,13,0,"Oct-Dec",3,1,1,2,"3"
"134",142,135,"WS",92,18,1,"Oct-Dec",4,2,3,4,"2"
"135",143,136,"WS",104,4,1,"Oct-Dec",2,1,3,4,"4"
"136",144,137,"WS",87,3,0,"Oct-Dec",0,1,3,4,"3"
"137",145,138,"WS",123,6,1,"Oct-Dec",1,1,3,4,"3"
"138",146,139,"WS",117,0,0,"Oct-Dec",0,1,2,3,"4"
"139",147,140,"WS",149,5,0,"Oct-Dec",0,1,3,4,"4"
"140",148,141,"WS",62,1,0,"Oct-Dec",1,1,3,4,"4"
"141",149,142,"WS",132,17,3,"Oct-Dec",6,1,2,4,"3"
"142",150,143,"WS",110,2,0,"Oct-Dec",1,1,4,4,"4"
"143",151,144,"WS",58,6,1,"Oct-Dec",2,1,2,2,"1"
"144",152,145,"WS",74,13,3,"Oct-Dec",6,1,2,3,"1"
"145",153,146,"WS",110,14,2,"Oct-Dec",4,1,1,4,"4"
"146",154,147,"WS",49,8,2,"Oct-Dec",3,1,2,4,"4"
"147",155,148,"WS",92,12,1,"Oct-Dec",3,1,2,3,"3"
"148",156,149,"WS",72,8,2,"Oct-Dec",2,1,3,4,"3"
"149",157,150,"WS",119,8,2,"Oct-Dec",3,3,4,4,"4"
"150",158,151,"WS",114,9,3,"Oct-Dec",3,1,3,4,"3"
"151",159,152,"WS",129,5,1,"Oct-Dec",2,2,4,4,"2"
"152",160,153,"WS",129,2,0,"Oct-Dec",0,1,2,2,"4"
"153",161,154,"WS",194,9,1,"Oct-Dec",3,1,2,3,"4"
"154",162,155,"WS",125,6,1,"Oct-Dec",2,1,2,3,"4"
"155",163,156,"WS",137,1,0,"Oct-Dec",0,1,2,3,"4"
"156",165,157,"WS",176,2,0,"Oct-Dec",0,1,2,3,"4"
"157",166,158,"WI",60,11,0,"Oct-Dec",2,1,2,2,"3"
"158",167,159,"WI",64,16,2,"Oct-Dec",4,1,2,4,"3"
"159",168,160,"WI",121,NA,2,"Oct-Dec",2,1,4,4,"4"
"160",169,161,"WI",118,8,1,"Oct-Dec",2,1,3,4,"2"
"161",170,162,"WI",114,13,1,"Oct-Dec",3,1,3,4,"3"
"162",171,163,"WI",148,13,3,"Oct-Dec",5,1,3,4,"2"
"163",172,164,"WI",173,9,1,"Oct-Dec",3,1,3,4,"2"
"164",173,165,"WI",200,5,1,"Oct-Dec",2,3,4,4,"3"
"165",174,166,"WI",110,5,0,"Oct-Dec",1,1,3,4,"4"
"166",175,167,"WI",227,10,0,"Oct-Dec",1,2,4,4,"3"
"167",176,168,"WI",90,8,2,"Oct-Dec",2,1,2,4,"1"
"168",177,169,"WI",109,12,2,"Oct-Dec",2,2,3,4,"3"
"169",178,170,"WI",47,8,2,"Oct-Dec",3,1,3,4,"2"
"170",179,171,"WI",208,1,0,"Oct-Dec",0,1,2,4,"4"
"171",180,172,"WI",44,11,1,"Oct-Dec",4,2,3,3,"2"
"172",181,173,"WI",217,0,0,"Oct-Dec",0,3,4,4,"3"
"173",183,174,"WI",129,0,0,"Oct-Dec",0,1,2,4,"4"
"174",184,175,"WI",159,5,3,"Oct-Dec",4,1,4,4,"4"
"175",185,176,"WI",196,9,1,"Oct-Dec",2,2,4,4,"4"
"176",186,177,"WI",223,12,2,"Oct-Dec",5,1,3,3,"2"
"177",187,178,"WI",146,4,0,"Oct-Dec",1,1,2,4,"2"
"178",188,179,"WI",113,2,0,"Oct-Dec",0,1,2,4,"2"
"179",189,180,"WI",146,7,0,"Oct-Dec",1,1,2,4,"3"
"180",190,181,"WI",146,16,1,"Oct-Dec",5,3,4,4,"4"
"181",191,182,"WI",202,6,1,"Oct-Dec",1,1,3,4,"4"
"182",192,183,"WI",149,7,2,"Oct-Dec",3,1,1,4,"3"
"183",193,184,"WI",123,8,2,"Oct-Dec",3,1,1,2,"3"
"184",194,185,"WI",44,9,0,"Oct-Dec",0,1,2,3,"2"
"185",195,186,"WI",173,13,2,"Oct-Dec",5,1,2,4,"3"
"186",196,187,"WI",200,13,1,"Oct-Dec",2,1,2,4,"1"
"187",197,188,"WI",97,6,0,"Oct-Dec",1,1,4,4,"4"
"188",198,189,"WI",190,1,0,"Oct-Dec",0,1,3,4,"3"
"189",199,190,"WI",66,6,0,"Oct-Dec",0,1,3,4,"4"
"190",200,191,"WI",152,14,3,"Oct-Dec",6,1,2,3,"2"
"191",201,192,"WI",131,22,3,"Oct-Dec",6,1,2,2,"1"
"192",202,193,"WI",52,5,0,"Oct-Dec",1,1,4,4,"4"
"193",203,194,"WI",65,11,1,"Oct-Dec",3,1,3,4,"3"
"194",301,196,"WI",135,5,2,"Apr-Jun",4,3,2,3,"3"
"195",303,197,"WI",124,6,2,"Apr-Jun",2,1,2,4,"4"
"196",304,198,"WI",111,6,1,"Apr-Jun",2,1,2,2,"4"
"197",305,199,"WI",105,4,1,"Apr-Jun",1,1,3,4,"4"
"198",306,200,"WI",176,16,2,"Apr-Jun",3,1,4,4,"4"
"199",307,201,"WI",134,8,3,"Apr-Jun",4,1,2,4,"2"
"200",308,202,"WI",90,11,2,"Apr-Jun",3,3,4,4,"3"
"201",309,203,"WI",129,7,1,"Apr-Jun",2,1,4,4,"2"
"202",310,204,"WI",162,19,3,"Apr-Jun",7,1,3,4,"2"
"203",311,205,"WI",140,8,1,"Apr-Jun",2,2,4,4,"2"
"204",313,206,"WI",131,3,1,"Apr-Jun",2,1,2,4,"4"
"205",314,207,"WI",233,21,2,"Apr-Jun",5,1,2,4,"2"
"206",315,208,"WI",160,7,2,"Apr-Jun",3,2,2,3,"4"
"207",316,209,"WI",133,22,3,"Apr-Jun",8,2,3,3,"1"
"208",317,210,"WI",92,6,1,"Apr-Jun",2,1,3,4,"2"
"209",318,211,"WI",76,8,1,"Apr-Jun",2,1,4,4,"3"
"210",319,212,"WI",154,15,1,"Apr-Jun",3,2,3,4,"3"
"211",320,213,"WI",132,10,2,"Apr-Jun",4,1,2,2,"3"
"212",321,214,"WI",151,6,1,"Apr-Jun",2,1,2,4,"3"
"213",322,215,"WI",263,11,2,"Apr-Jun",4,1,3,4,"3"
"214",323,216,"WI",217,1,0,"Apr-Jun",0,3,4,3,"2"
"215",324,217,"WI",159,9,0,"Apr-Jun",2,4,4,4,"2"
"216",325,218,"WI",21,11,2,"Apr-Jun",4,1,4,4,"1"
"217",326,219,"WS",141,5,1,"Apr-Jun",2,1,2,4,"4"
"218",327,220,"WI",151,1,0,"Apr-Jun",0,3,4,4,"3"
"219",329,221,"WI",174,14,1,"Apr-Jun",4,2,3,4,"3"
"220",330,222,"WI",137,20,3,"Apr-Jun",5,2,4,4,"3"
"221",331,223,"WI",74,3,0,"Apr-Jun",0,1,2,3,"4"
"222",332,224,"WS",84,11,3,"Apr-Jun",3,1,3,3,"1"
"223",333,225,"WS",56,26,3,"Apr-Jun",8,1,4,4,"Otro"
"224",334,226,"WI",80,6,1,"Apr-Jun",2,1,3,4,"2"
"225",335,227,"WS",173,7,3,"Apr-Jun",3,2,4,4,"3"
"226",336,228,"WS",96,7,0,"Apr-Jun",1,1,3,4,"3"
"227",337,229,"WS",101,2,2,"Apr-Jun",2,1,2,3,"4"
"228",338,230,"WS",133,9,1,"Apr-Jun",2,1,3,3,"3"
"229",339,231,"WS",105,10,2,"Apr-Jun",3,1,2,3,"4"
"230",340,232,"WS",43,2,0,"Apr-Jun",0,1,3,4,"4"
"231",341,233,"WS",130,14,2,"Apr-Jun",5,1,3,4,"2"
"232",342,234,"WS",74,14,1,"Apr-Jun",3,1,2,4,"1"
"233",343,235,"WS",25,19,3,"Apr-Jun",4,1,3,4,"1"
"234",344,236,"WS",105,15,3,"Apr-Jun",6,1,3,4,"3"
"235",345,237,"WS",47,27,3,"Apr-Jun",8,1,2,3,"1"
"236",346,238,"WS",95,14,2,"Apr-Jun",4,1,3,4,"3"
"237",347,239,"WS",147,NA,2,"Apr-Jun",3,1,3,4,"1"
"238",348,240,"WS",43,21,1,"Apr-Jun",4,4,3,4,"3"
"239",349,241,"WS",103,20,1,"Apr-Jun",3,1,2,4,"2"
"240",350,242,"WS",96,7,1,"Apr-Jun",4,1,2,4,"3"
"241",351,243,"WS",78,21,3,"Apr-Jun",7,1,3,4,"2"
"242",352,244,"WS",103,16,2,"Apr-Jun",4,3,4,4,"2"
"243",353,245,"WS",31,16,2,"Apr-Jun",5,1,2,4,"4"
"244",354,246,"WI",149,8,2,"Apr-Jun",5,2,2,4,"4"
"245",355,247,"WS",129,2,1,"Apr-Jun",1,1,3,4,"4"
"246",356,248,"WI",175,2,0,"Apr-Jun",1,2,3,4,"4"
"247",357,249,"WS",94,15,3,"Apr-Jun",5,1,3,4,"4"
"248",358,250,"WS",119,NA,3,"Apr-Jun",5,1,1,3,"3"
"249",359,251,"WS",115,3,0,"Apr-Jun",0,1,2,4,"4"
"250",360,252,"WS",124,0,0,"Apr-Jun",0,1,2,3,"4"
"251",361,253,"WS",109,17,1,"Apr-Jun",3,1,2,4,"4"
"252",362,254,"WS",70,4,0,"Apr-Jun",1,1,1,2,"4"
"253",363,255,"WS",160,18,2,"Apr-Jun",3,1,2,3,"2"
"254",364,256,"WS",87,NA,0,"Apr-Jun",2,1,3,3,"4"
"255",365,257,"WS",113,1,0,"Apr-Jun",0,1,3,4,"4"
"256",366,258,"WS",120,11,3,"Apr-Jun",4,1,2,4,"1"
"257",367,259,"WS",183,8,1,"Apr-Jun",2,1,3,4,"4"
"258",368,260,"WS",107,13,2,"Apr-Jun",3,1,3,4,"4"
"259",369,261,"WS",152,10,2,"Apr-Jun",3,2,2,3,"2"
"260",370,262,"WS",153,6,1,"Apr-Jun",2,1,3,4,"3"
"261",371,263,"WS",147,17,2,"Apr-Jun",4,1,2,4,"2"
"262",372,264,"WI",128,6,1,"Apr-Jun",2,1,2,3,"3"
"263",373,265,"WI",87,17,2,"Apr-Jun",5,1,3,4,"4"
"264",374,266,"WI",167,9,1,"Apr-Jun",4,1,4,4,"4"
"265",375,267,"WI",125,11,2,"Apr-Jun",4,2,4,4,"4"
"266",376,268,"WI",99,9,1,"Apr-Jun",3,1,4,4,"2"
"267",377,269,"WI",111,5,0,"Apr-Jun",0,3,4,4,"4"
"268",378,270,"WI",156,15,2,"Apr-Jun",4,1,3,4,"1"
"269",380,271,"WI",178,13,1,"Apr-Jun",3,1,2,4,"4"
"270",381,272,"WI",146,9,2,"Apr-Jun",3,1,4,4,"2"
"271",382,273,"WI",154,11,2,"Apr-Jun",4,3,4,4,"1"
"272",383,274,"WI",161,7,0,"Apr-Jun",2,1,2,2,"4"
"273",384,275,"WI",112,12,2,"Apr-Jun",5,2,4,4,"2"
"274",385,276,"WI",134,12,2,"Apr-Jun",3,4,4,4,"2"
"275",386,277,"WI",152,3,1,"Apr-Jun",2,1,4,4,"3"
"276",387,278,"WI",135,5,0,"Apr-Jun",1,1,2,2,"1"
"277",388,279,"WI",223,9,2,"Apr-Jun",2,1,3,4,"2"
"278",389,280,"WI",217,2,0,"Apr-Jun",0,1,3,4,"2"
"279",390,281,"WI",75,5,1,"Apr-Jun",2,1,3,4,"3"
"280",391,282,"WI",205,8,1,"Apr-Jun",2,1,3,4,"1"
"281",392,283,"WI",82,1,0,"Apr-Jun",0,1,4,4,"4"
"282",393,284,"WI",75,19,2,"Apr-Jun",5,1,2,4,"2"
"283",394,285,"WI",189,14,1,"Apr-Jun",2,1,3,4,"1"
"284",395,286,"WI",129,7,0,"Apr-Jun",1,1,3,4,"4"
"285",396,287,"WI",89,11,2,"Apr-Jun",5,1,4,4,"2"
"286",398,288,"WI",91,3,0,"Apr-Jun",1,2,4,4,"3"
"287",399,289,"WI",148,19,2,"Apr-Jun",5,1,2,4,"2"
"288",400,290,"WI",194,11,1,"Apr-Jun",3,1,2,4,"2"
"289",401,291,"WI",202,10,1,"Apr-Jun",2,1,3,4,"2"
"290",402,292,"WI",107,10,2,"Apr-Jun",3,1,3,4,"3"
"291",403,293,"WI",93,3,0,"Apr-Jun",0,1,1,3,"3"
"292",404,294,"WI",170,7,1,"Apr-Jun",2,1,3,4,"4"
"293",405,295,"WI",82,6,1,"Apr-Jun",2,1,2,4,"2"
"294",406,296,"WS",101,13,2,"Apr-Jun",3,1,2,3,"4"
"295",407,297,"WS",83,10,0,"Apr-Jun",1,1,2,2,"3"
"296",408,298,"WS",185,4,0,"Apr-Jun",1,1,2,2,"2"
"297",409,299,"WS",90,9,1,"Apr-Jun",2,1,2,3,"4"
"298",410,300,"WS",152,12,3,"Apr-Jun",5,1,1,1,"2"
"299",412,301,"WS",99,10,3,"Apr-Jun",4,1,2,4,"4"
"300",413,302,"WS",118,3,0,"Apr-Jun",0,1,2,4,"4"
"301",414,303,"WS",230,1,1,"Apr-Jun",1,1,2,3,"4"
"302",415,304,"WS",164,18,2,"Apr-Jun",4,1,3,4,"2"
"303",416,305,"WS",117,20,2,"Apr-Jun",4,1,2,3,"3"
"304",418,306,"WI",133,5,1,"Apr-Jun",2,1,2,3,"4"
"305",419,307,"WI",102,2,0,"Apr-Jun",1,1,2,2,"4"
"306",420,308,"WI",147,11,2,"Apr-Jun",4,1,3,4,"3"
"307",421,309,"WI",159,15,1,"Apr-Jun",3,1,3,4,"2"
"308",422,310,"WI",94,1,0,"Apr-Jun",0,1,2,3,"4"
"309",423,311,"WI",105,17,2,"Apr-Jun",4,1,2,4,"2"
"310",424,312,"WI",159,10,2,"Apr-Jun",4,1,2,3,"3"
"311",425,313,"WI",135,2,0,"Apr-Jun",0,1,2,4,"3"
"312",426,314,"WI",133,17,2,"Apr-Jun",4,1,4,4,"3"
"313",428,315,"WI",94,6,1,"Apr-Jun",3,1,4,4,"3"
"314",429,316,"WI",117,10,1,"Apr-Jun",2,1,3,4,"4"
"315",430,317,"WI",43,15,1,"Apr-Jun",3,1,3,4,"1"
"316",431,318,"WI",138,16,3,"Apr-Jun",4,1,4,4,"1"
"317",432,319,"WS",72,2,0,"Apr-Jun",0,1,3,4,"3"
"318",433,320,"WS",130,6,1,"Apr-Jun",2,1,2,3,"4"
"319",434,321,"WS",86,8,1,"Apr-Jun",1,1,2,3,"2"
"320",435,322,"WS",85,4,3,"Apr-Jun",4,1,2,4,"4"
"321",436,323,"WS",113,20,2,"Apr-Jun",4,1,2,4,"3"
"322",437,324,"WS",74,11,1,"Apr-Jun",2,2,4,4,"3"
"323",438,325,"WS",88,17,3,"Apr-Jun",5,1,2,3,"2"
"324",439,326,"WS",196,12,1,"Apr-Jun",2,1,2,3,"3"
"325",440,327,"WI",135,7,1,"Apr-Jun",2,1,2,3,"2"
"326",441,328,"WI",101,18,2,"Apr-Jun",3,1,3,4,"3"
"327",442,329,"WI",68,14,2,"Apr-Jun",3,1,2,4,"3"
"328",443,330,"WI",197,13,2,"Apr-Jun",3,1,1,3,"4"
"329",444,331,"WI",78,2,1,"Apr-Jun",1,1,2,3,"3"
"330",445,332,"WI",218,11,3,"Apr-Jun",3,1,2,4,"2"
"331",446,333,"WI",152,11,2,"Apr-Jun",4,1,4,4,"1"
"332",447,334,"WI",164,10,2,"Apr-Jun",3,1,3,4,"1"
"333",448,335,"WI",89,3,0,"Apr-Jun",0,1,3,4,"4"
"334",449,336,"WS",217,9,1,"Apr-Jun",2,1,2,4,"4"
"335",450,337,"WS",125,27,3,"Apr-Jun",6,1,2,4,"2"
"336",451,338,"WS",129,5,0,"Apr-Jun",0,1,2,3,"4"
"337",452,339,"WS",125,18,2,"Apr-Jun",4,1,2,3,"2"
"338",453,340,"WS",81,16,1,"Apr-Jun",4,1,2,3,"3"
"339",454,341,"WS",117,7,1,"Apr-Jun",2,1,3,4,"4"
"340",455,342,"WS",122,3,1,"Apr-Jun",2,3,4,4,"4"
"341",456,343,"WS",117,23,3,"Apr-Jun",6,1,2,4,"2"
"342",457,344,"WI",143,5,1,"Apr-Jun",1,2,3,4,"3"
"343",458,345,"WS",141,15,3,"Apr-Jun",5,1,3,3,"4"
"344",459,346,"WI",141,1,0,"Apr-Jun",0,1,2,4,"4"
"345",460,347,"WI",119,17,3,"Apr-Jun",7,1,2,3,"3"
"346",461,348,"WI",111,0,0,"Apr-Jun",0,1,2,3,"4"
"347",462,349,"WI",146,0,0,"Apr-Jun",0,1,3,4,"4"
"348",463,350,"WS",142,9,3,"Apr-Jun",5,1,3,4,"3"
"349",464,351,"WS",155,9,1,"Apr-Jun",2,1,2,4,"4"
"350",465,352,"WS",135,0,0,"Apr-Jun",0,1,4,4,"4"
"351",466,353,"WS",99,5,3,"Apr-Jun",3,1,3,4,"4"
"352",467,354,"WS",144,13,2,"Apr-Jun",4,1,4,4,"4"
"353",468,355,"WS",43,7,0,"Apr-Jun",0,1,2,4,"4"
"354",469,356,"WS",143,5,1,"Apr-Jun",1,1,2,4,"3"
"355",471,357,"WS",74,14,2,"Apr-Jun",4,1,3,4,"2"
"356",472,358,"WS",68,9,0,"Apr-Jun",5,1,1,4,"4"
"357",473,359,"WS",110,9,1,"Apr-Jun",1,4,3,3,"3"
"358",474,360,"WS",131,5,1,"Apr-Jun",1,1,1,2,"3"
"359",475,361,"WS",76,26,3,"Apr-Jun",8,1,3,2,"4"
"360",476,362,"WS",182,7,3,"Apr-Jun",4,1,2,3,"4"
"361",477,363,"WS",74,8,3,"Apr-Jun",5,2,4,4,"4"
"362",478,364,"WI",83,16,3,"Apr-Jun",4,1,3,4,"1"
"363",479,365,"WI",120,20,2,"Apr-Jun",5,1,1,3,"2"
"364",480,366,"WI",138,4,1,"Apr-Jun",1,2,4,4,"4"
"365",481,367,"WI",96,8,1,"Apr-Jun",2,1,2,4,"2"
"366",482,368,"WI",120,1,0,"Apr-Jun",0,4,4,4,"4"
"367",483,369,"WS",118,20,1,"Apr-Jun",3,1,2,3,"4"
"368",484,370,"WS",146,5,1,"Apr-Jun",1,1,2,4,"4"
"369",485,371,"WS",76,12,1,"Apr-Jun",2,1,2,4,"2"
