SampleID,Emotions,Emotions_ENGLISH,Emotion_type,Quality_compared,8_trust_tap_water,8.c_Smell,8.c_Color,8.c_Taste,8_trust_narrative,26_Emotion_explanation,28_comments
001,gratitud,,Positive,Worse,no,desagradable (agua estancada),gusanos a veces,,en occasiones llego ocn gusanos y con olor desagradable (agua estancada),porque hay agua suficiente en mi cassa,
002,satisfaccion,,Positive,Better,no,,amarilla,,"viene sucia, amarilla",Porque si llega el agua,
003,tranquilidad,,Positive,Same,si,,,,"no queda de otra, hubo un tiempo muy sucia, ya no.  Tiempo de lluvia Worse",,
003,relajada,,Positive,,,,,,,,
004,Preocupacion,,Negative,Worse,no,,cafe,,hay dias que el agua llega cafe. solo la uso para el uso externo,Por la calidad del agua,
004,frustracion,,Negative,,,,,,,,
005,Preocupacion,,Negative,Better,no,"Huele feo, huevo podrido",gusanitos en el agua,,Provoca picazon en el cuerpo,Cuando no hay agua (desperacion),
005,desperacion,,Negative,,,,,,,,
006,frustracion,,Negative,Worse,no,,,,"Para beber no, no tiene opcion para otras cosas",,
006,desperacion,,Negative,,,,,,,,
007,Preocupacion,,Negative,Same,no,,granito rojo,,"Hija con infecion cuello. Marchita, medio dijo que podria producerlo alguna bacteria -- piel infectada. Partio con granito rojo -- rascante. Puede ser agua o que se toque con manos sucias.",,
008,Preocupacion,,Negative,Same,no,,cafe,,Sale muy sucia,De que ya no llega a caer,
009,Preocupacion,,Negative,Same,no,,,,,"Television dicen ""nos quede por porcentaje"". 2030 agua sera mas critica. Somos muchos",Hay otras colonia Worse
010,gratitud,,Positive,Worse,no,,,,No del todo viene sucia,,
011,Preocupacion,,Negative,Worse,no,cuando llueve mucho huele a drenaje,amarilla ,,Viene muy sucia,,
011,miedo,,Negative,,,,,,,,
012,alivio,,Positive,Same,no,,,,Viene muy sucia (cosas),,
013,molestia,,Negative,Same,no,,con tierra y color amarilla,,"llega muy sucia, con tierra y color amarilla",Porque subia el agua de garrafon y porque llega sucia,
014,NA,,NA,Worse,no,,,,"Porque la calidad del agua no es bueno, llega sucia",,
015,gratitud,,Positive,Better,no,,,,Porque a veces cae amarilla el agua,Porque hay lugares donde no hay agua,
016,Preocupacion,,Negative,Same,no,,,,viene sucia,Esta sucia,
017,Preocupacion,,Negative,Worse,no,mal,amarilla ,,Hasta con basura,Por los precios,
018,frustracion,,Negative,Worse,no,,,,Para beber no. Ropa y trastes y banarse tambien,"decadente--por calidad, frustracion mas de nade calidad",
018,decadente,,Negative,,,,,,,,
019,frustracion,,Negative,Worse,no,a podrido,amarilla,,sucia,Hay que hace todo muy temprana,
020,Preocupacion,,Negative,Worse,no,,amarilla y tierrosa,,porque llega tierrosa y amarilla,Llega sucia y porque se desperdicia mucho. El agua es de mala calidad. Es triste que no la cuiden. Me enoja que llega sucia.,
020,enojo,,Negative,,,,,,,,
020,tristeza,,Negative,,,,,,,,
021,tranquilidad,,Positive,Same,no,feo -- drenaje,"amarilla, lodo",,sucia,,
022,miedo,,Negative,Worse,no,"drenaje, apestosa","hierbas, gusanitos rojos y negros",,sucia - apestosa,,
023,frustracion,,Negative,Worse,no,a cano,amarilla,,,Hay muy poca,
024,Preocupacion,,Negative,Same,no,"feo como a podrido, a drenaje",,,,"No se puede tener para los trastes, para las comidas",
025,Preocupacion,,Negative,Same,no,,con tierra,,esta sucia,"Me preocupa mucho el tema de la higiene, sobre todo en los banos",
026,Preocupacion,,Negative,Better,no,,con tierra,,viene sucia,De que nos quedemos sin nada de agua,
027,satisfaccion,,Positive,Same,no,,"amarilla, con tierra",,viene sucia,Porque me llega suficiente agua,
028,tranquilidad,,Positive,Same,no ,,con tierra,,viene sucia en occasiones ,Porque no falta el agua,
029,frustracion,,Negative,Worse,no,,cafe,,"Muchas infecciones en la piel, sale sucia",Siente tranquilidad cuando llega el agua y siente frustracion por no tener agua y no poder tener sus actividades diarias,En Iztapalapa siempre ha sido el problema de agua
029,tranquilidad,,Positive,,,,,,,,
030,Preocupacion,,Negative,Worse,no,,animalitos rojos,,llega sucia ,Por sus tareas diarias y por la calidad del agua,
031,enojo,,Negative,Same,no,,"con lombrizes, biches",,viene sucia ,Porque sale sucia y con olor feo. Y porque no hay suficiente agua,
032,enojo,,Negative,Better,no,a veces huele raro,con gusanos,,porque sale sucia,Por el agua contaminada y porque no es suficiente agua,
033,Preocupacion,,Negative,Worse,no,huele mal,animalitos,,esta sucia,De que sigan desperdiciando agua y ella muchas veces no tiene,
033,tristeza,,Negative,,,,,,,,
034,miedo,,Negative,Same,no,,,,"contaminacion. Tuberia no tenien mantenimeinto. Se ve bien, solo desconfianza",Feliz cuando hay,
034,feliz,,Positive,,,,,,,,
035,satisfaccion,,Positive,Same,si,,,,,,
036,tranquilidad,,Positive,Worse,no,a veces olor -- agua con lodo huele a podrida de vez en cuando,tierrosa,,esta sucia,,
037,gratitud,,Positive,Better,si,,,,"Quien sabe -- calientas para banos, usar para cocinar y bebre. lavar los trastes",,
038,enojo,,Negative,Worse,no,a cano,,,hija granitos cuando comenzo a llegar sucia. Doctor dejo podria ser el agua,,
038,frustracion,,Negative,,,,,,,,
039,frustracion,,Negative,Same,no,feo,queda negro al fondo cuando se asienta,,llega sucia,Luego no nos alcanza o porque los vecinos la usan y no se preocupan de que hayan,
040,enojo,,Negative,Same,no,,con larvas,,esta sucia,Que no coiga agua,
041,frustracion,,Negative,Worse,no,no,,,No hay opciones es lo que hay. Agua llege muy sucia. Vaso al lavar se ve cafe. Dicen que es porque cisterna debe ser limpiada - hay administracion que deberian limpiar,Cierta. No tiene manera de soluciones directamente y preocuparse--hijos futuro,Cuando era nina era Better
042,alivio,,Positive,Same,si,,,,"en condominio muhco mantemientio, filtros se cambian",,
043,desperacion,,Negative,Same,NA,,,,,,Toda horrible
044,tristeza,,Negative,Better,no,,no,no,"Hierve agua antes de usarle. Si tuviera mas mantenimiento confiaran mas. No sabe que tiene el agua. No confia por lo que ve es la colle, le basura. Cada 2 meses lavan cisterna, se comple. A veces les toca. a ellos, o les avisa. Lo hacen los mismos reanos, sacar tierra",Nunce sabe,
045,Preocupacion,,Negative,Worse,no,a cano,"amarilla, a veces con animales pequenos",,Muy pocas veces cae limpia. No la utilizaran para tomar,Hay poca agua,
045,estres,,Negative,,,,,,,,
046,alivio,,Positive,Same,no,a nada,amarilla con gusanitos,,,Cuando hay agua siente alivio. Se siente con coraje y tristeza por no tener agua para sus necesidades,
046,tristeza,,Negative,,,,,,,,
046,coraje,,Negative,,,,,,,,
047,gratitud,,Positive,Same,si,,,,,Porque si tiene agua. Porque cuando hace sus actividades no tiene que estar esperando agua,porque hay gente que si tiene estrasez
048,gratitud,,Positive,Same,no,,"cafe, trae como tierrita",,Viene sucia,,En otres partes tiene Same de sucia
049,miedo,,Negative,Worse,no,a veces mal ,"trae basura, cuando llegaron a apuntar agua trae tierra. ",,"Llega sucia, el bote en el ave la guaradon",Se siente bien porque tener el semag pero si le da miedo por las noticias que llegara un momento en el que va a faltar,
049,bueno,,Positive,,,,,,,,
050,alivio,,Positive,Better,si,,,,,Porque no se la pasa frustrata porque no tema presion de qua o cuando esta con su suegre y no hay presion etc,Porque ha escuchado que en otras colonias tienen que recolectar o tienen agua en pesimas carleciones
051,alivio,,Positive,Better,no,,"amarilla, a veces con tierra",,,Porque hay muchas lugares donde no tienen agua y ella no tiene problema para hacer sus actividades,
052,enojo,,Negative,Worse,no,feo,"con animalitos, amarilla",,"esta my sucia, sabe a oxido",Enojo por la calidad del agua y estres por tener que estar comprando agua por fuera,
052,estres,,Negative,,,,,,,,
053,gratitud,,Positive,Worse,no,"feo, a cano, a podrido","a veces amarilla, a veces a cloro",Nunca le ha probado,,,
054,enojo,,Negative,Same,no,,"cositas cafe, animalitos rojos",,"Viene con cositas cafe, quiza poraue se quede estacada y saro, quizan porque no se limpia tinaco -- 1 vez no es suficiente. Deberian ponerla filtro. ",Singuilinos usan,
055,Preocupacion,,Negative,Worse,no,a cano,"amarillenta, a veces con basurita, pelitos, vasita tierrita",,,,
056,angustia,,Negative,Worse,no,a cano,"amarillosa, muy rosa, con gusanitos negros",nunca le han probado,,,
057,Preocupacion,,Negative,Same,no,no,"tierrita la primera, no",no han probado,llega muy sucia,,"Otras tan Worse, otras Better"
058,frustracion,,Negative,Better,no,,,,"es lo unico que tienen. Es la unica estable, la unica ayuda que tienen. Paloma: confian en calidad -- solo a veces",Solo cuando sucia frustracion. Ahora normal,
058,normal,,Neutral,,,,,,,,
059,tranquilidad,,Positive,Worse,no,no,"amarilla, con tierrita, porticulita. color mas que nada",sabor cuando se bana - sabor normal,"Usan de garrafon para cocinar, para beber. Llega contaminada. No saben si asi es o cisterna esta sucia. ",No les falta,
060,tristeza,,Negative,Same,no,,,,sucia,Por como llega. Calidad,
061,Preocupacion,,Negative,Same,no,no tiene olor,sin telita se juntara tierra en tambos,no le han probado,"viene sucia, sin telita se juntana tierra en tambos.",,
062,Preocupacion,,Negative,Same,no,,,,llega muy sucia. Le ponene un trepo a la llave como filtro de lo suica que este.,Porque puede caer agua o no,
063,gratitud,,Positive,Worse,no,,,,viene muy sucia,Gratitud por tener agua y desconfianza por la mala calidad,
063,desconfianza,,Negative,,,,,,,,
064,Preocupacion,,Negative,Worse,no,,amarillo con basurita,,viene muy sucia,"Debido a la situcion (huele feo, sucia, amarilla)",
064,enojo,,Negative,,,,,,,,
065,enojo,,Negative,Worse,no,,,,viene muy sucia,Porque llega muy fea,
065,frustracion,,Negative,,,,,,,,
066,agradecido,,Positive,Same,no,no tiene olor,amarillo,,no para consume humano,Porque siempre hay,
067,gratitud,,Positive,Worse,no,,"trae tierra o lana, cosas verdes como musego",,sale sucia,"A comparación de la situación en Monterrey, tenemos agua.",
068,Preocupacion,,Negative,Better,si,,,,,De que si llegue el agua,
069,Preocupacion,,Negative,Worse,si,,,,,No nos alcanza,
069,enojo,,Negative,,,,,,,,
070,Preocupacion,,Negative,Same,si,,,,porque luego viene sucia o huele a cloro,Sobre todo cuando escasea,
071,alivio,,Positive,Better,si,,,,no les ha salido mal. Cuando sale fea es por no limpiar el tinaco,Alivio porque esta estable con el agua en casa. Lava y no piensa en que no tiene agua. No le preocupa,
073,tranquilidad,,Positive,Same,si,,,,ya no le pone otra cosa. Se puede usar para todo excepto beber,,
072,Preocupacion,,Negative,Same,no,,"color cafe, residuos",,llega muy sucia,"El agua es vida, es importante para el cuerpo",
074,Preocupacion,,Negative,Same,si,,,,es que es necesaria. Confian en que va llegar,Cuando hay cortes--preocupacion,
074,satisfaccion,,Positive,,,,,,,,
075,tranquilidad,,Positive,Worse,no,Huele a cloro o a tierra,amarilla,"No, ni para dientes","A veces cae lodo muy sucia. Consistencia densa al incio, luego se pone amarilla. ",,
077,Preocupacion,,Negative,Better,no,Feo - raro. A veces,"Con pellejitos, color cafe. Salen animalitos chiquitos -- pescaditos chiquitos. ",No sabe,"Viene sucia. Para comida, usan de botellon. Muy sucia.",,
077,temor,,Negative,,,,,,,,
079,gratitud,,Positive,Same,no,A olor un poco mal,"Con residos de tierra, amarilla",,Llega suica,Tiene agua y nunca falta,Todo el mundo se queja de que el agua esta sucia y de mala calidad
080,Preocupacion,,Negative,Worse,no,,,"Lavar dientes, no sabe sabor","Para lavar verduras y trastes, ropa, banarse. No la beben. Se sabe que no viene 100% potable. Telita en cocina -- cuando esta sucia la quitan, olvidan reponerla.","Esta en conflicto, le preocupa mas por situacion global de que en tu casa.",Ha escuchado en noticas
080,conformidad,,Neutral,,,,,,,,
078,enojo,,Negative,Worse,no,desgradable,amarilla,,Llega muy sucia,Enojo cuando llega sucia. Alivio y tranquilidad porque no falta,
078,alivio,,Positive,,,,,,,,
078,tranquilidad,,Positive,,,,,,,,
076,satisfaccion,,Positive,Better,no,feo,,,"a veces llega o oler veo, es raro cuando llega sucia. En marzo si llego sucia.",No falta el agua,
316,enojo,,Negative,Worse,no,,tierra,,"No, ni en la de la pipa. Hace unos meses se enfermo del estomago (su mama) y su hermano, y sus vecinos. Les dio diarrea (su doctora les indico que era por el agua. El agua sale con suciedad (tierra)).","Siente que las zonas de Iztapalapa y otros, son los que mas sufrien de agua.",
317,tranquilidad,,Positive,Better,no,,,,,"Porque cuando no hay agua, el dueno de la casa es el que consigue pipa",Un poco Better que en otros lados.
318,alivio,,Positive,Better,no,"a cano, como huele a cano siento que no me bano",amarilla a veces,No la han probado,Le da comezon en la cabeza,Porque ella no se ha quedado sin agua como otros de sus vecinos.,"""En lo del agua casi no batallamos"" ""Rara vez"""
319,Preocupacion,,Negative,Worse,no,no,"amarilla, residuos, tierra, grumitos, basuritas",no ha probado ,"Calidad, sucia. Hay qu lavar constantemente la cisterna. Lavar cister 3 veces al ano con cloro.","Calidad muy maia en algun momento va a afectar--salud, no le ha parado nada.","Sobre ermeta, familia en otros lugares agua es transparente"
320,enojo,,Negative,Same,no,agua tratada,"amarillo, tiene gusanitos, tierra",,"Desequeldad piel y cabello, incluso el agua de purificadora sabe que moho",Porque si se acaba no puede lavar,
321,enojo,,Negative,Same,no,,"medio amarilla, tierrita",,Si lavas con esa la ropa te queda percodida,Porque si se acaba no puede lavar,
322,resignado,,Negative,Worse,no,como a azufre,"amarilla, tiene basuritas con tierra","sabe feo con a agua sucia ""acida"". De repente la prueba porque se lava los tienes",Trabaja en un refugio cerca donde un tiempo la gente enfermo del estemago por consumir agua,"Ya esta habituada, como resignada porque ademas sobre que no va a Betterar",Porque ha trabajado en otros lados de la cuidad es Better y como aqui sin colonias pobres no les dan agua calidad.
323,molestia,,Negative,Worse,no,huele como a moho o echado a perder,"cafe, a veces muy cafe, tiene gusanitos con lambricos y mosquitos",,,"El agua llego sucia. Y prefenana pagarla para que le llegue agua en buen estado. Como sen tenemos de negro, les mandar el agua que nadie quiere.",Donde su esposo viva estaba limpia y ahi pagaban el agua. Quiza es la razon.
324,bueno,,Positive,Worse,no,huele feo,"amarilla, tiene animalitos, gusanitos, se enlaman, mosquitos",,"Antes la tamaban y le salio algo en los senos se loartean. Si se bana con agua le salen ranchitos o salpullido en los senos. Se reseran y sangran. Lavan los traes el cabello se les reseea. A su hermanita se le hacen manchas rojas e Same se bana con agua de ganafa. Su famila hace un esfuerzo porque se bana con agua purificado. Se bana con 1 garrafon, 1 dia se bana, 2 no porque no alcanza a comprar mas.", ,"Como todo, hay gente que tuve ? el agua"
325,Preocupacion,,Negative,Same,no,Como a lodo,"amarilla , tierra",,"para tomar no, siente que le pica la piel, a ella y su hijo","Sin agua no viviana, cuando le llega el agua le da mucha alegria y cuando la quitan se preocupa mucho",
325,alegria,,Positive,,,,,,,,
326,alivio,,Positive,Worse,si,no,,no toman. Lavar dientes no detecta sabor,,Sabe lo que es no tener agua,Trabaja en Benito Juarez (mas escasez que en Mirasoles). Aca es mas amarillosa. Tiene que llenar botes a las 4 o 5 am. Su colega. American Unidas ellos no estan tanto mas privilegiados. No hay obra cerca de calzada de Tlalpan. No ha visto estudios pero si se ve mas amarilla. A veces tiene espima.
327,tranquilidad,,Positive,Better,si,,,"quiere pensar que la mandan limpia. Nada especial (para sabor, color y olor)",,,Better por cantidad y Same por calidad. Milpalta y otra alcaldia tienen Worse
328,gratitud,,Positive,Better,si,no,"clara, transparente","no la toman, no sabe","No cae sucia. Confianza para lavar ropa, trastes, banarse",Sin agua seria frustrante pero tiene,"Otros lado no hay. Pipa viene sucia, amarilla, revuelta. Hay senoras que dicen que llega con caruca. Quien sabe. Cae limpia"
329,ansiedad,,Negative,Same,No,,"basurita negra (a veces), residuos","No ha tomando--dientes de todas las tuberias, por esta alcaldia o hasta de ecaterpec. Gormene o molecular","Agua de caca de perro. Mala calidad. De caldidad esta mas o menos bieno, pero es el estancamiento que produce germenes",Luego no llega tanto como quisiera miedo,"No sabe. Hacen (en la universidad) burla de que agua a mala calidad. Companeros de centro, nativitas. Se burlan tb de ecatepec y el estudo de."
330,enojo,,Negative,Worse,no,"como a hongo, feo","amarillosa, tierrosa",hechado a perder,"Hace 1 ano, dejo de caer constantemente y bajo calidad.",,Con gusanos aqui. En otras cae limpia
330,frustracion,,Negative,,,,,,,,
081,Preocupacion,,Negative,Same,No,,,,"Para beber no, sale muy sucia--sale negra, color cafe, luego de mantenimiento lluege color chocolate. No huele, sabor no saban. Para lavar y debas domesticos si.",Y pensamiento de imaginar sin agua. Muy indispensable,No es tan Worse
082,frustracion,,Negative,Same,No,,,,"Por color y olor. Con barurita negra--carbon mojado--telita arriba. Huele a padido--color blanquizco. Sabor--no ha probado. Cuando chica tomaban agua de llave, lavan tinaco--cisterna cada 3 meses--si no limpian ducha con olor.","Una parte alegria porque tienen, frustracion por mala calidad--a veces arriba ropa puede tener problemas piel--no les ha parado. Le precocupan los ninos.",
082,alegria,,Positive,,,,,,,,
083,miedo,,Negative,Better,No,,,,"A veces amarilla, furbia, nunca ha bebido. Antes si, ahora olor fetido, en las mananas (a cano). Luego se pausa.",De que se termine,
084,Preocupacion,,Negative,Better,No,,,,"Muy sucia. Llega amarilla a veces, lama o hilitos rojos o transparentes. No olor. Sabor nunca han probado.",Hay dias en que no se llena la reserva,
085,Preocupacion,,Negative,Better,No,,,,"No serian capace de tomarla. Es agua que viene de tuberia--a veces llega con mal odor, a cano. Color? Amarilla o con tierra a veces. Sabor-lavar dientes. Se rie. No sabe.",Deja de hacer muhca. Actividades cuando les faltan.,Trabaja en Tlahuac (Miguel Hildalgo colonia) --unidade les llevan pipas diario.
086,Preocupacion,,Negative,Worse,No,,,,"Viene muy sucia, olor feo, color amarillo, y con residues",Preoccupacion porque el agua es vital para todo y se usa para todo. Frustracion porque no alcanza para poder realizar las actividades en un solo dia.,Porque tiene familia en otros lugares de la CDMX y lo calidad es diferente
086,frustracion,,Negative,,,,,,,,
087,Preocupacion,,Negative,Better,No,,,,Porque llega con olor y sucia (color cafe y con tierra) --el agua,Preocupacion por que se pueden llegar a quedar sin agua. Frustracion de no poder tener el agua necesaria para realizar las recesiduades,Porque puede que en otros lugares no hay nada de agua
087,frustracion,,Negative,,,,,,,,
088,Preocupacion,,Negative,Same,No,,,,"Para consumo no. Para la limpieza de la casa (banos), lava la ropa si se usa.",Debido a que el agua es muy importante para todo y le preocupa y le da tristeza de que hay gente que no le da la importancia y no la cuida. Satisfaccion porque cuando hay se pueden cubrir las necesidades y agradecdes porque hay lugares que no tienen agua,Porque si bien no hace falta tan seguido cuando llega a faltar todo mucho es tener soluccion.
088,miedo,,Negative,,,,,,,,
088,satisfaccion,,Positive,,,,,,,,
088,tristeza,,Negative,,,,,,,,
088,agradecido,,Positive,,,,,,,,
089,Preocupacion,,Negative,Same,No,,,,"Porque ha llegado sucia, color amarillo y con olor a drenaje","Porque hay bastante agua, pero la calidad es muy mala","Porque llega el agua, pero no hay confianza en cuanto a la calidad"
090,tranquilidad,,Positive,Better,No,,,,Huele muy feo y sucia (color negro),Cuentan con el suministro necesario,
090,confianza,,Positive,,,,,,,,
091,alivio,,Positive,Better,Si,,,,"Mas por obligacion (de que hay agua). Su usa para banasrse, aseo de la casa, para lavar",Conque no haya tanto presion siempre hoy,"Porque en otros lados llega sucia, con olor"
092,alivio,,Positive,Same,No,,,,"Porque ha llegado sucia, con olor, con residuos (parecides a papel), color no transparente, turbia",Porque si tienen agua,La calidad seria lo mismo para todos (sucia o con residuos)
093,satisfaccion,,Positive,Same,Si,,,,"Para lavar ropa, trastes, banarse, pero no para consumo hemeno. Si llega a haber cuencia de agua, cuando llega llega con residuos, color amarillo-cafe.",No les hace falta agua como en otras cabrias en donde si falta,
093,gratitud,,Positive,,,,,,,,
094,enojo,,Negative,Better,No,,,,"Para lavar, banarse si. Para beber no, no podria. No tan sucia pero no confiable porque no para por nigun filtro. Mucha desconfianza. Solo cuando llega un poco sucia, llega con olol a drenaje.",Por tener que escuchar con adultos que no piensan,Tiene conocidos en Tlahuac. Servicio tb es Better.
094,molestia,,Negative,,,,,,,,
095,Preocupacion,,Negative,Worse,No,,,,"Para lavar la ropa y trastes si, pero para consumo no",No llega y porque es poca y llega sucia,Porque en otras lados hay mucho mas agua.
096,feliz,,Positive,Same,Si,,,,"No queda de otra. Si beben agua de la llave--ponen filtro (sabe bien)en el grifo--couna--confia en esa. Directo de la calle no, porque esta sucia--gusanitos chiquitos negros, amarilla, sin olor, saber no sabe.",,
097,miedo,,Negative,Same,No,,,,"Llega no en buena condiciones, Mucha tierra, amarilla, no olor, sabor--nunca probado.","Piensa que no siempre van a tener agua, la van a tener que moderar futuro.",
098,Preocupacion,,Negative,Worse,No,,,,"Para lavar dientes usan de garrafon. A veces sale toda sucia, con tierrita, huele a cano a veces. Sabor--a fierro, cree que de tuberia, sucia o degantaden.","Frustracion porque papa genta agua, ya regaste ayer. tiene preocupacion de no gastar tanta agua, no dejar. Tiene bandeja del bano--usan para lavarse manos. Tristeza abierta, tinacos vecinos--se llena y se tira el agua. ",De Iztapalpa
098,frustracion,,Negative,,,,,,,,
098,tristeza,,Negative,,,,,,,,
099,gratitud,,Positive,Same,Si,,,,"Para lavar trestas, ropa, aseo. No para consumo humano.",Agradecido porque aunque sea poca llega,Porque nos abestece la misma fuente
100,gratitud,,Positive,Worse,No,,,,"Sucia, color, cafe, telita con tierra. Huele a lama. Sabor--nunca le ha tomado.",,
101,Preocupacion,,Negative,Same,No,,,,"Porque viene muy sucia. Color amarillo-cafe, con residuo.",Debido a la sucia que llegaba les debo miedo de usarla porque podrian contener alguna enfermada.,Porque ha sabido de colonias en que el agua llega mas sucia
101,miedo,,Negative,,,,,,,,
102,Preocupacion,,Negative,Same,No,,,,"No para cases de consumo humano, no para tomar. Cuando hay que lavar patio, ropa, trastes si.",Preocupacion de que vuelva a pasar la situacion que tener en marzo o abril. Gratitud porque ella si tiene agua y hay gente que no tiene.,Conoce la situacion de otros lugares
102,gratitud,,Positive,,,,,,,,
103,Preocupacion,,Negative,Same,No,,,,Llega sucia (color amarillo),Porque no se le da mantenimiento suficiente y los apoyes no ser suficiente,Parece que es Same que en otros lugares
104,satisfaccion,,Positive,Worse,No,,,,Llega sucia (color amarillo),Porque no tienen falta de agua,Porque siempre hay falta de agua o tuberias rotos en esta zona
104,alivio,,Positive,,,,,,,,
105,satisfaccion,,Positive,Better,Si,,,,"Porque nunca les ha llegado sucia, se siente segura al usarla.",No hace falta,No llego o falta y cuando llega o falta es un dia o unas horas.
105,gratitud,,Positive,,,,,,,,
106,nerviosa,,Negative,Better,Si,,,,Confia en que el agua llega para hacer sus tareas. Pero no en la calidad del agua. No se la tomaria. el agua sabe a cloro. Sale con tierra y huele feo. El agua es amarilla. Cada 3er dia les sale agua limpia.,Se siente nerviosa,La mayoria tiene agua
107,Preocupacion,,Negative,Same,No,,,,En las mananas-tardes hay muy poca presion no pueden hacer nada. Lo dejan para la noche que hay mayor presion.,Algun dia se termine el agua,
108,angustia,,Negative,Worse,No,,,,"Olor fetido, color amarillo.",de estar en la espera de la llegada del agua,
109,frustracion,,Negative,Same,No,,,,Una vez salio con gusantos blancos pequenos-solo un vez. Medio amarilla. No olor. Sabor salado.,Tiene que estar pendiente,
110,resignado,,Negative,Worse,No,,,,"Sucia. Colo no cristalino, tiene tierrita. Sin olor. Sabor--nunca han tomado.",No pueden hacer otra cosa,
111,frustracion,,Negative,Better,No,,,,Agua es amarilla/cafe con basuritas,La mayor parde de las veces por no poder haces sus tareas,
112,gratitud,,Positive,Better,No,,,,"Normalmente sabe bien. Sabor es como a cloro. No sabe descubrirlo. Pero hay aguntas, No sabe si esta 100% limpia. A veces la usan para comida--sopa, no sabes realmente. A veces viene con basura, una vez pensaron que venia con animalitos--tambo bien sucio, por eso--percaditios.",Gracias a dios tienen,
112,feliz,,Positive,,,,,,,,
113,Preocupacion,,Negative,Worse,No,,,,"A veces el agua esta sucia, tiene tierra",De que nos quedemos sin agua,
114,gratitud,,Positive,Same,No,,,,En las mananas sale con gusanos rojos y huele a cano,Tengo agua suficiente y en otros lados no hay,
115,Preocupacion,,Negative,Same,No,,,,"Sale ente amarilla y verde, a veces olor apentoso, a oxido, a tierra, a dranaje, Sabor--no sabe","Como no avisan, pueden no estar preparados",
116,Preocupacion,,Negative,Same,No,,,,"El agua viene sucia, huele a agua estancado o a cano, se le ve basura, o a veces parece agua con jabon.",De que ya no falta agua o de que no tengamos agua,
117,enojo,,Negative,Same,No,,,,Muy sucia. Cafecita. Sin olor. Sabor--diferente a garrafon pero no sabria describir. No malo pero diferente.,"Muy poca, muy sucia. A veces no puede terminar de lavar. Esperar a semana siguiente--dias libres.",
118,satisfaccion,,Positive,Same,No,,,,"Porque huele feo-como a cano. A veces amarilla o sucia, usualmente en manana al inverias usa. La usan para bano la inciial porque huele mal, ya que entra Better lavan trates y verdura 1 hora que huele feo.",,
119,frustracion,,Negative,Same,No,,,,Muy sucia. Por que hacen ellos no garantiza limpieza. Olor-agua estan cada. Sabor-no beben de la llave nunca,"Es vita, sin eso no puede vivir",
119,tristeza,,Negative,,,,,,,,
120,Preocupacion,,Negative,Same,Si,,,,,De que no lleguen un dia las pipas y no traiga agua,
121,satisfaccion,,Positive,Better,Si,,,,,Tengo agua para mis actividades,
122,gratitud,,Positive,Same,No,,,,"Viene sucia, negra, sobre todo en las noches",No nos falta el agua,
123,gratitud,,Positive,Worse,No,,,,"Porque sale sucia, amarilla",Siempre tenemos,
124,Preocupacion,,Negative,Better,No,,,,"Porque viene muy amarilla. Para tomar no, para las labores domesticas si.",Las manans no hay presion y piensa que pordria no llegar,
125,tristeza,,Negative,Worse,Si,,,,"Porque la usan para todo, para lavar la fruta et.",Si no hubiera porque la necesita por todo,Porque en otras partes tienen agua. Hasta a manguerzos lavan sus coches.
126,tranquilidad,,Positive,Same,No,,,,Tomaron agua una vez y se enfermaron.,No le hace falta,
127,conformidad,,Neutral,Better,Si,,,,"No tiene nada malo, pero viene usar. Para vez la consumen.","Nunca se les va. Ni aun cuando les dicen que la quitaron, solo vaya la presion.",
128,frustracion,,Negative,Worse,No,,,,"No, a veces no puede lavar ropa--reciclan bano o trapearo si no hay presion no se llena el tinaco--afecta persona arriba. A las 12 tiene bajar manguera a la tira.","No puede hacer sus labores a veces ""le da el bajon"" dice (puede significar tristeza o un estado animio semagante)","Mas o menos, porque ha escuchado que en otros lugares no tienen agua."
129,Preocupacion,,Negative,Same,No,,,,A veces llego a salirles agua sucia entenas ahora no confian que llegue limpia. Era como cafe y olia mal.,De que la calidad no es buena y que en algun punto no haya agua saludable plusar,
129,miedo,,Negative,,,,,,,,
130,gratitud,,Positive,Worse,No,,,,Huele feo y es amarilla y cafe. Solo uno o 2 dias a la semana llega muy sucia.,ellos tienen agua y las colonias de al rededor no.,En calidad es Worse y en presion es Better
131,enojo,,Negative,Worse,No,,,,"Llega sucia. El agua es cafe huele a huevo, no la han probado.",Hay algunos lugares en los que no hay agua. Ella piensa que su servicio es satesfactoria.,
132,alivio,,Positive,Better,Si,,,,Dice que si pero no se la tomaria. No sale con color. En las mananas sale mas cristalina.,No tienen problemas,
133,desagrado,,Negative,Worse,No,,,,"El agua es amarilla, con tierra y trae animalitos. Huele a huevo, mancha la ropa y la apesta. Tiene impacto en el cabello y piel, comezon y apesta el cabello. Prefiere usar agua de garrafon para el cabello. Ella piensa que los gusanitos en por la falta de limpieza en la cisterna.",Al preguntarse la gente puede vivir con esta agua,
134,alivio,,Positive,Same,No,,,,"Viene un poco contaminado, con basuritas o tierra. Huele como a drenaje",A gusto bien porque si tiene agua y no le escasea gravemente.,
135,enojo,,Negative,Worse,No,,,,Llega sucia (frecuente) y tambien huele feo en ocasiones.,Pagas por tener servicios de red publica por el suministro y esa red no te abastece de derecho liquido.,"Depende, ""finalmente es mala"""
135,ansiedad,,Negative,,,,,,,,
136,molestia,,Negative,Same,No,,,,"Viene muy sucia, basura, amarillia. Tierrita. Por temporadan se pone. Sabor--no ha probado. Olor--cano, muy feo.","Basurita, male calidad",
137,conformidad,,Neutral,Same,No,,,,"Sale muy sucia. Apestosa color tierra, lado. Sabor--no ha probado. Olor feo a cano. Siempre",,
138,frustracion,,Negative,Same,No,,,,"Llega fea. Color cafe. A veces sabe a cloro, olor --a cloro.",,
139,gratitud,,Positive,Same,No,,,,Llega muy amarilla. A veces con olor a echade a herder a estancada por mucho tiempo. Sabor-no.,"Mientras caiga, aing poca hay",
140,resignado,,Negative,Same,No,,,,"En la que les llega. Hay que usarle Same. Sucia--con tierra, cafe. Sabor--nunca la han probado. Olor--huele feo, otras veces desaiando a cloro. Manana agua llega mas limpia--lleven tinacos.",No es lo que tiene,
141,enojo,,Negative,Better,No,,,,"No 100% porque si no estuvieran filtros, saldria fea. Hay momentos en que huele a cloro. Sabor mas acidio, dificil de explicar. Color transparente. Garrafon tienen menos sabor.",Si no falta tranquila. Si falta enojo. Lo Worse es que no avisan. Molestia,No ha estado en otros lados. Solo ha estado en Xochimilco
141,tranquilidad,,Positive,,,,,,,,
141,molestia,,Negative,,,,,,,,
142,Preocupacion,,Negative,Same,No,,,,Viene sucia con tierra y de color amarillo,Porque no nos alcanza,"Siempre esta sucia, amarilla, huele agua esta cada"
142,enojo,,Negative,,,,,,,,
143,Preocupacion,,Negative,Same,No,,,,"Porque viene sucia con gusanos, basura o tierra",Nos quedamos sin agua,
144,satisfaccion,,Positive,Better,Si,,,,,No nos falta el agua,
145,alivio,,Positive,Better,Si,,,,,Si tengo en casa,
146,Preocupacion,,Negative,Better,Si,,,,,De que se vaya a terminar el agua; aun cuando tratemos de cuidarla,
147,satisfaccion,,Positive,Better,No,,,,Confia en que el agua llega. Pero no el calidad. En las mananas el agua llega sucia. El agua tiene olor a cloro o a cano. El agua es entre amarilla y gris.,"Esta satisfecha con su servicio de agua, aunque este sucia. Prefiere que salga sucia a que no salga.",
148,bueno,,Positive,Same,Si,,,,"Nunca le ha hecho diario. Nunca le han bebido-no confia lo suficiente para tomarla--sale sucia, huele feo, a drenaje, a cano. No usan para dientes tampoco.",Porque tienen otros no tienen,
149,bonito,,Positive,Worse,Si,,,,"Como venga, si abartece necesidades. No quede de otra. Confiar abartece necesidades: ropa, trastes, banarse. Olor-ya no. Sabor--no ha probado nadie.",Si tiene para abartecer sus cosas,
150,tranquilidad,,Positive,Same,No,,,,"Para limpieza, consumo no, por notar calcetin cafe. Ropa se pone amarilla.",,
151,Preocupacion,,Negative,Same,No,,,,Luego viene sucia o amarilla. Olor-no. Sabor-normal,,
152,enojo,,Negative,Same,No,,,,"Sucia. Amarilla, con cositas. Olor normal. Sabor feo, hija estaba tomado. Sabe a pozo.",Muy molesto estar padeciendo por agua,
152,molestia,,Negative,,,,,,,,
153,tristeza,,Negative,Same,No,,,,Esta muy sucia. Sucia--con basura. No cristalina. Verde. Amarilla. Arenosa. Oscura. Olor: huele a sucio. Apestoso un poco. Sabor--no ha probado nunca. Dientes-garrafon.,Por la calidad,
154,estres,,Negative,Worse,No,,,,El agua sale clara pero deja residuos amarillos en los tambos donde se almacena. No ha detectado olor ni sabor.,Por no poder hacer sus tareas a tiempo,
155,enojo,,Negative,Worse,No,,,,"Para lavar los trastes le ponen cloro. Ponen trapos en las llaves. En lso trapos queda sarro, basura, y algo cafe. ",No se puede hacer nada.,
156,Preocupacion,,Negative,Same,Si,,,,"No huele mal. En ocasiones sale con tierra, sucia--no les ha tocado. Sabor: horrible, a basura, cano.",Con tantas enfermadades a angustiante,
156,angustia,,Negative,,,,,,,,
157,Preocupacion,,Negative,Same,No,,,,"Viene sucia, no saben de donde viene. Sucia: cubeta blanca se veia con basuritas (negritios). La cuelan ante de banarse. No saben que bichos tenga. Olor-no huele ",Preocupacion-cobro de dinera. Agrade amiento de que si les manden.,
157,tranquilidad,,Positive,,,,,,,,
158,alegria,,Positive,Same,No,,,,Si porque no se han enfermado. No por ve y olor. No le ponen quimicos para que venga mas clara y sin basura.,porque se pueden hacer las cosas,
159,Preocupacion,,Negative,Same,No,,,,Porque llega muy sucia,Uno se la paso preocupado sobre si hay o no agua y si va a caer o no.,Hay otros zonas que tambien tienen problemas con el agua
160,gratitud,,Positive,Worse,No,,,,Si para limpiar pero no para consumo humano,Porque no le falta el agua,"Porque no llegado a haber veces en donde llego sucia, de color amarillo."
161,enojo,,Negative,Worse,No,,,,Porque llega sucia (color cafe) ha llegado a olor mal.,Por la calidad y por paso exceuba. Incertidumbre,
162,Preocupacion,,Negative,Same,No,,,,"Porque ha llegado muy sucia, de color amarilla, con residuos.",Porque cada vez es menos el agua que recibe,Porque se ha tresladado y ha escuchado que en otros lugares osa lo mismo.
163,alivio,,Positive,Better,No,,,,"Para trastes, ropa y algo personal si. Pero para beberla y para cocinar no.",porque nunca le hace falta el agua,A algunos colonoias les llega muy sucia y a ella le llega limpia
165,alegria,,Positive,Worse,No,,,,"No es confiable. Trae bacterias. Se ve clarita pero tiene unas cositas plancas como pelejitos. Olor-no olor. Sabor-no sabe antes si, les empezo a hacer diario se sentia pesada--estaba nina. Antes agua sabia mas dulce. Ahora sabe a cloro.",porque ya se pueden banar y hacer sus actividades.,
166,frustracion,,Negative,Same,No,,,,No al 100% viene amarilla. Se ve sucia. Olor-no. Sabor-no la ha probado. Lavar dientes--garrafon.,,
167,frustracion,,Negative,Same,Si,,,,"Solo para lavar, no para tomar. Sucia-amarilla-tubo tiene sarro, sale sarro. Olor-a veces a feo, apestosa, sucia. Sabor--se lavo dientes 1 vez sabe rara como a echade a perder.","Agua sucia, nosotros mismos la tenemos ahi, tiramos basura.",
390,tranquilidad,,Positive,Same,Si,,,,"Si--Cuando viene limpia--mayor parte viene limpia.
No--A veces cae limpia. Dejen que cora al inicio molmisan y ya sale mas clarito. Cuando pidio pipa--parecia de tamarindo--no puede lavar verdura cosa.","Porque llega, para banos, trastes y ya banarse--lo principal",Cree que no es tanto problema que llegue amarilla
391,miedo,,Negative,Worse,No,,,,"Tiene tierra. No tiene sabor. Color--primera que llega es cafe, despues ya es transparente. ","Miedo de quedarnos de agua
Tristeza porque uno mismo es el que se esta acabando el agua y no la cuidamos. entre veccinos no la cuidamos.",No se porque. Quiza porque alla tienen Better condicion economica
391,tristeza,,Negative,,,,,,,,
392,alivio,,Positive,Better,No,,,,Sale con animalitos rojos. Olor - no. Color - amarillo. Sabor - no la hemos probado.,Porque no me hace falta el agua,Tienen agua y en otros lados no
393,Preocupacion,,Negative,Better,No,,,,Porque esta sucia. Olor - cano o a cloro. Color - negro. Sabor - Dulce. ,De que algun dia nos haga dano el agua porque llega muy sucia,Puede ser que en otros lugares llegue mas fea. Puede ser que esta mas cerca de pozos o algo asi.
394,miedo,,Negative,Same,No,,,,"Porque esta sucia, con animalitos. Olor - a cano, huevo. Color - amarillo. Sabor - mi papa la probo y se enfermo del estomago.",No tenemos agua suficiente para nuestras actividades y miedo por que es algo vital,
394,frustracion,,Negative,,,,,,,,
395,frustracion,,Negative,Same,mas o menos,,,,Porque hay veces que sale con cosas verde. Color - transparente. Sabor - tierra. ,"No puedes hacer todas tus actividades como banarte, lavar, los trastes.",
396,enojo,,Negative,Worse,No,,,,Olor - cloro. Color - amarilla. Sabor - no sabe. Con lodo cuando se asienta.,Enojo de que el agua este muy sucia y macha la ropa,"Por la economia aqui hay Worse calidad del agua y en lugares donde tienen mas dinero les llega Better, mas limpia el agua."
397,satisfaccion,,Positive,Same,Si,,,,"Confia en que si cae mucho// calidad confia 70%. No 100% no le gusta como sale. Para tomar no. Olor - no. Color - tierrita, gusanitos, blancos. Sabor - no ha probado, parece con mucho cloro, se lava con garrafon.",Le desperera que llegue poco--pero si agradece que llega,
397,desperacion,,Negative,,,,,,,,
397,agradecido,,Positive,,,,,,,,
398,Preocupacion,,Negative,Better,Si,,,,"Pero para consumo humano no. Trae animalitos o se ve muy sucia, con tierra. Color - amarilla. Sabor - no la hemos probado",Cuando veo que se disperdicia el agua,Quiza se deba al cuidado que le dan o por las fugas de agua que no las separon y se quedan sin agua
399,frustracion,,Negative,Worse,No,raro--a veces cloro otras a cano,"amarilla con cositios, moleculitas pequenas. A veces piensa que es tuberia","Sabe Same que potable, t agria.",No es segura,Por que no sabe que hacer. Como limparla? Mi todos de almacenamiento?,Diferente puede ser condiciones-- viene Worse. Amiga ha dicho que vi les cae limpia
168,alivio,,Positive,Worse,No,"Feo, huevo, a drenaje",Amarilla (a veces),"nunca ha probado--para lavar dientes si, No se siente sabor.",Si llega oliendo feo,Porque tiene,
169,alivio,,Positive,Worse,No,A cloro,Ligero tono amarillo ,,El agua le provoca picor en la piel,Lo que predomina es el alivio porque el agua no le falta gracias a la cisterna,
170,frustracion,,Negative,Same,No,Nada si no la dejas en un solo lugar de almacenamiento,Amarilla,No tiene,,Porque ya no hay agua por dias y cuando hay hay poca,
171,Preocupacion,,Negative,Better,No,"Feo, a podrido","Cafe, amarilla",,Viene muy sucio. La calidad es muy mala,Incertidumbre cuando ya no tan que la van a cortar,En noticias ha visto que en otras zonas no hay agua y la calidad del agua es my mala
171,incertidumbre,,Negative,,,,,,,,
172,satisfaccion,,Positive,Worse,Si,,,,Para actividades de limpieza de casa,Porque si ha caido porque ha cuidad agua la mayor parte del tiempo,Esta mas sucia que en otros lados
172,gratitud,,Positive,,,,,,,,
173,Preocupacion,,Negative,Worse,No,,Cafe con tierra,,Llega muy sucia,Porque no sabemos el motivo de que a la agua llegue tan sucia es cafe!,
174,Preocupacion,,Negative,Same,No,a cano,con gusanitios y con tierra,,Viene sucia con gusanitios y con tierra,Sobre todo cuando no hay,
175,miedo,,Negative,Better,No,,,,Porque esta sucia,"De que se acabe el agua, y haya bacterias, germenes",
176,Preocupacion,,Negative,Worse,No,,"Con gusanos, color cafe",,Viene sucia,"Preocupacion y miedo e que no haya agua, frustracion porque el bano es una de las cosas mas preocupantes",Es agua tratada
176,miedo,,Negative,,,,,,,,
176,frustracion,,Negative,,,,,,,,
177,Preocupacion,,Negative,Worse,No,Normal,"Con tierra, ve de tamarindo, animalitos--blanquitos",Nunca ha tomado,,Por calidad,En villas llega agua limpia
178,coraje,,Negative,Same,para tomar no para lo demas si,,,,,Le da coraje cuando tiran agua en las calles,
179,normal,,Neutral,Better,No,,,,El agua no viene sucia pero tampoco confian en tomarla,No es tan estresante es normal porque no te preocupa-si le cae agua,
180,enojo,,Negative,Worse,No,A cano,"Animalitos, delgaditios, color tierra",Nunca he probado,"Fea, muy sucia. ",No tiene condiciones adecuadas que debe tener agua potable,
181,bueno,,Positive,Better,Si,,,,,,
182,enojo,,Negative,Worse,No,,"feo, animalitos o a veces tiene doro",,,Enojo y rabia si se compara con otors. Si piensa en su situacion tristeza,
182,tristeza,,Negative,,,,,,,,
182,rabia,,Negative,,,,,,,,
183,feliz,,Positive,Same,No,,,,No sabe si le dan el lavado adecuando a las bombas,"Le gusta tener agua para sus plantas, el que hacer, etc",
184,alivio,,Positive,Worse,mas o menos,azufre,"Amarilla, con tierra",nunca ha probado,Porque viene muy feo. Pero no les falta,"Para lo menos no falta en 4 ? vientos, les llegue 2 veces por semana",Agua aqui en santa marta es la Worse
185,frustracion,,Negative,Same,Confian en que llega el agua pero no confian en su calidad,,,,Confian en que llega el agua pero no confian en su calidad,"Frustracion por el agua sucia porque el agua cuando se asienta mancha cubetas y la cisterna, considera que el agau viene muy sucia ",
186,Preocupacion,,Negative,Worse,No,agua,amarilla,,"No para tomarla. Tempiano el agua huele a agua estan cada, color amarillo. Cuando el agua sale amarilla no se banan.",Por que el suministro no sea suficiente no les llegue,
187,Preocupacion,,Negative,Same,No,a cano,amarilla,nunca la ha probado,El agua les deja el cabello tieso y la piel resca,Por tener una enfermedad por la mala calidad del agua. No confian en su agua por la calidad por el precio del agua de purificadora siente preocupacion,
187,miedo,,Negative,,,,,,,,
188,tranquilidad,,Positive,Better,Si,,amarillente,,"El agua sabe ""rara"" ",Porque tiene mucha agua,
189,tranquilidad,,Positive,Better,NA,Ningun olor,oscura,Nunca ha probado ,"Llenar botes--se dan cuenta de cuando viene sucia. Ahi ven si la puede ocupar bien: si sucia, la pone en bote y anades claraso",,
190,Preocupacion,,Negative,Worse,No,Como drenaje,,Nunca ha probado,Viene sucia. Le da miedo--danos en piel y ojos. Heride no podia cicatrizar--sal epson ocn lavadando cuando agua esta sucia,La calidad,
191,Preocupacion,,Negative,Worse,No,A podrido,Amarilla con gusanitos,,El agua mancha la ropa blanca. No para tomar.,"Cuando no llega, pasan los dias y no llega",Ha visto que en otros lados llega limpia
192,Preocupacion,,Negative,Worse,No,A cano,"Amarillo, A veces viene con basura come tierra","Malo, no la bebe regularmente",Sucia. A veces viene con basura come tierra,,
193,frustracion,,Negative,Worse,No,"A ""charco"", apesta, a cloro","""le chosa"" o cafe",,"La tienen que dejar reposar, sale ""le chosa"" o cafe. Los filtros se ponen cafes y huelen a agua estancado. El agua le. hace reaccion en la piel a su hija.",No sabe cuando llegara a cuando la cortaran o que tan sucia llegara,
194,tristeza,,Negative,Worse,No,Nada,amarilla con tiera,nunca ha tomado,Puebla si tomaba. Aca viene fea con tierra y sarro.,Piensa en que va a hacer!,En otras es Better
194,estres,,Negative,,,,,,,,
195,frustracion,,Negative,Worse,No,a cano,"similar al color de la pipi, particulas negras, gusanitos",,No nos que da de otra. El agua sabe a lo que huele. El agua es similar al color de la pipi. Si llega con gusanitos: a su hija le die una reaccion en la piel. Suspelica del a agua. Tuvo que banarla con agua de garrafon.,"Teme por la salud de su familia, la de ella.",
196,Preocupacion,,Negative,Same,No,Nada,a veces cafe (cuando tiene mayor prescion),,"Llega muy sucia. Cuando quitan el trapo, quedan gusanitos y moho. Cuando tiene mayor presion el agua sale cafe. Le procova comezon en la cabeza.",De que no sabe cuando llegara el agua y hasta cuando le va a duran la que almacena en la cisterna.,
197,frustracion,,Negative,Worse,No,a cano,"amarillenta, con tierra",,"Hay dias en que sale el agua sale amarillenta, muy sucia","Frustracion cuando sale muy sucia y cuando huele mal, porque siente que no es segura. Y alivio porque el agua no les falta",En otras delegaciones les llega limpia
197,alivio,,Positive,,,,,,,,
198,tranquilidad,,Positive,Same,Si,A veces huele a agua sucia ultimatamente no. Durante pandemia si olia feo.,Transparente,No sabe,"Cuando lavar esta transparente, a lo Better porque se abierta en cisterna. A veces huele a agua sucia ultimatamente no. Durante pandemia si olia feo. Si quede basurita en la cisterna, como lodo",Se escuche que cae en cisterna,
199,tranquilidad,,Positive,Better,Si,Sin olor,,No sabe,"Pone cara de tension. Si confian para lavar dienta, se bana etc. A veces para hervir papa o nopale no bebe de llave porque siempre han tomado de garrafon. Llave--agua con gusanitos o zancuditos en cisterna, flotando. Tiempos de lluvia sale con una animalitos.",Porque tiene,Ha visto en tu que en otros lados llega verde
200,enojo,,Negative,NA,No,a cano,"Gris o amrailla, con residuos grandes en los primeros minutos",,"El agua que sale directo de la toma, huele a cano, los primeros minutos de agua sale con residuos grandes. El agua sale como gris o amarilla. El cabello le reseca y la piel tambien.",Hacia las personas que administran el servicio de agua. Considera que le molesta la desSamedad de lso servicios de agua en la cuidad.,Hay personas que estan Better y tambien que estan pero. Hay de todos
200,molestia,,Negative,,,,,,,,
201,miedo,,Negative,Same,No,a pescado ,amarilla,,El agua es espesa. Queda resequedad y complica la dermatities de sus hijos,Sus hijos tienen dermatitis y el agua les hace dano a la piel y a sus salud.,
202,satisfaccion,,Positive,Same,No,a veces a cano,"amarilla, con pedazos de basurita, negrita",nunca ha probado,Muy sucia. ANtes hace anos la hervian antes pero llegabe Better. Ahora ni ahi la beben. Si la podian bber,Afortunados. Aprecia oportunidad de tener agua,Entremedio (Same). No tiene referencias de otra gente pero no es buena. A buena porque no falta.
203,intriqualidad,,Negative,Same,No,"Drenaje, a agua estacada",a veces muy blanca como siteriera jabon.,Nunca ha probado,Muy sucia. Trae hierba verde. Cuando aviertase va lo blanco,Muy sucia. Preopase de que venga con algun bichito.,"Hay otras lugares mucho Worse, entonces no puede decir Worse. A otras les llega turbia."
204,Preocupacion,,Negative,Worse,No,a cano,Amarilla,,,Por su salud a causa del agua sucia,En otras partes el agua esta muy clarita
301,Preocupacion,,Negative,Worse,No,feo,"amarilla ""extraño"", basuritas",,"Porque llega amarilla ""extraño"", como marrón huele feo, basuritas y por eso la filtran.",Una no muy bueno. Lo ha pensado y no es un sentimiento bueno. Le gustaria que fuera Better. Le preoccupa,
302,Afortenado,,Positive,Better,No,,,,Solo la usan para lavar ropa y oseo. Para alimentos//se reclora no tiene lar mas limpia. Vivia en el centro de San Miguel Teotongo. Ahi huele mal y es de mala calidad.,"Afortenado de que cuando necesita agua, la tiene. Y como antes vivia en un lugar donde no habia, asi ahora senents bien. Hasta gusta le da lavar. Siente a recantos cabello. Se cara a la calidad de agua.",
303,Preocupacion,,Negative,Better,No,a veces huele feo,"a veces esta clorado o llega negra, tierra",,"No sabe de donde viene,",Ella se preoccupa futuro por sus hijas si tendran o no o que van a hacer.,
304,gratitud,,Positive,Worse,No,No detecta olor,"Es turbia, es amarilla",,"Esta muy sucia. Provoca caida de cabello, provoca picor en la piel. Le da desconfianza banarse. 3 garrafones a la semana tomar/comida.","Porque dice que gracias a dios, ahorita tienen agua y hay lugares en los que no hay",
305,tranquilidad,,Positive,Better,No,NO tiene ,A veces sale blanca,No tiene sabor,"No, no la toma. Solo se ocupa para el bano y lavar. ",No les falta el agua,
306,feliz,,Positive,Better,No,"A veces huele feo como a ""crufre""","Muy turbia, el color es obscuro",,Esto pasa como 2 veces al mes,Sabe que no le falta y que eso la lleva a que si hace calor sabe que podria banarse y asi. No se preocupa. La reoterarer les ayuda mucho. A veces siente ansiedad de tanta agua que tiene y que otros no tienen.,
306,ansiedad,,Negative,,,,,,,,
307,alivio,,Positive,Same,No,A veces mal,Como amarillo,,,Antes vivia en un lugar donde no habia agua y lleguban pipas. O tambien no habia pavimiento y era incomodo.,
308,Preocupacion,,Negative,Better,No,,Viene clorada a veces con tierra,No sabe agua belable,"Porque el agua es tratada, viene clorada. A veces llega con tiera. A veces cuando se bana, le han arido los ojos.","Tienes que estar atenta, tener que recolectarla.",Porque una vez le toco ver agua turbia
309,frustracion,,Negative,Worse,No,"Un olor desagrable como ""cano""",,,"Sale con animalitos como gusanitos rojos. En la piel le salen como ampollas como reseaudad y en el cabello ya crece, y lo tienen reseco. Ya ni lavan sus dientes con eso.",,Y pagalo misma
309,tristeza,,Negative,,,,,,,,
309,estres,,Negative,,,,,,,,
310,Preocupacion,,Negative,Worse,No,,,,,Por el futuro,
311,Preocupacion,,Negative,Worse,No,,,,,A que llegue a que puedan terminar de llenar los contenedores y a que les rinda.,
312,tristeza,,Negative,Same,No,A veces huele mucho a cloro,Medio amarillly y sucia,,"Han notado ""caspa"" que ella relaconio a eso",Porque la quiere mas limpia y no quiere comprar garrafones para lavar la verdura o asi.,
313,Preocupacion,,Negative,Same,No,A veces a cloro,"Amarilla (muy), tierra (a veces)",,"A veces le da comezen en la piel, a veces con tierra",En ocasiones,
314,miedo,,Negative,Worse,No,"Feo, a agua estancada",,Feo,"Le sala lama, es demasiado sucia. Para lavar ropa, solo la utiliza para eso. Se reseca mucho la piel, el callo o no crece. La ropa blanca llega cafe. Llega el agua con gusanos. El agua de purificadora si no la consumen a los pocas dias se hace ""babosa"" y sabe feo.",Del agua sucio y de que no se vaya el agua.,
314,frustracion,,Negative,,,,,,,,
315,frustracion,,Negative,Worse,No,Si llega siempre no hay olor,Siempre amarillenta,Nunca,Sucia. Cuando reuion llega huele a lodo podrido. Filtro tinaco--sale chapopote. Con filtro y todo sale con tierrita.,Por la calidad. No les preocpe si hace dario a las personas.,"Ha estado en casa de sus amigas, aqui es Worse. Cuando en Telunca--trajo nuestra de agua--muy limpia"
400,decepcion,,Negative,Worse,No,Fierro,Cafe,No la hemos probado,"Esta sucia, tiene bichos, asiento cafe",De que no caiga,No se por que
401,Preocupacion,,Negative,Same,No,No,Amarilla casi siempre,No la tomaria,"Sucia. No la tomaria, se pedia enfermar. Dientes--garrafon",No sabe si si les va a llegar. Tendrian que pedir pipa.,
402,Preocupacion,,Negative,Worse,No, Despues sale sin olor. Distincto huele a guardada. Olor lavadora cuando queda agua ,"Gusanitos, tierra, amarilla. Tiene que dejarle correr unos 2 botes usan para  ","Agua que ha estado en botella por 4 dias, dificil de escribir ano treca",Pero hay que ocuparle Same. Maltrata cabello y piel puede aguarranse infecciones no les ha ponado porque ellos le acostumbran--nueva persona--piel roja y granultos.,No porque no haya si no hay,Si comparar con chalco Worse aqui. Pero dentro de CDMX--misma calidad 
403,Preocupacion,,Negative,Worse,No,No,"Tierrita, a veces cafe",No ha probado,"Sucia, dientes--garrafon",es cansada. estar desperando--tedio,Rumor de que cae Worse agua de toda. Ni idea no sabe donde salga.
403,desperacion,,Negative,,,,,,,,
403,cansada,,Negative,,,,,,,,
404,enojo,,Negative,Worse,No,"feo, a drenaje","Tierra, a veces ajolonitos chiquitos",Humidad,Sucia--muy comun; llave--dientes,Calidad--lavar algo blanco quede cafe,No conoce otras delegaciones. Comparado con estado de Mexico. Porque viene sucia? --quizas falta mantemiento
405,Preocupacion,,Negative,NA,No,Cano,"Cafe, tierra, ultimamente amarilla",No ha probado,Fea; ni para dientes,Por calidad,
406,Preocupacion,,Negative,Same,No,"cano, cloro","cafe, oscuro, negra con tierra a veces",no saben,A veces sale negra con mucha tierra,De que se la vayan acortar o que salga sucia,No sabe porque hay diferencias
407,tranquilidad,,Positive,Better,No,No,"Solo despues del corte. Ahora limpia, a veces con basurita---como barrito. Cafe",Nunca ha probado,Cuando se fue agua volvio cafe. Ahora ya se ve Same a antes. Para ropa y trates si--pero anade cloro,"Aunque no es diario ni continouo, hay",Ni idea
408,Preocupacion,,Negative,Better,No,No,"Amarilla, cafe. Animalitos--gusanitos",No,"Solo cuando cierran las tuberias, el agua llega amarilla o cafe",Por su salud por la calidad del agua o de que se vaya a acobar,Ella cree que es por las tuberias que no abaslecen por todo
409,frustracion,,Negative,Same,No,No,Lodo o amarilla. En noche o manana sale limpia,No la beben (por accidente --sin sabor),"Esta semana ha caido Better. Antes venia muy sucia (2 semanas)--era pero lodo. jPara lo basico--bano, trastes--se he limpia. Cuando se ve sucia se esperan 2 horas. Ropa--solo si limpia, banarse--Same.","Calidad, pero de cantidad si ha caido bien",
420,alivio,,Positive,Same,Si,Ninguno,Transparente,No tiene,Porque no se va tan sucia,Casi no nos escasea,
421,gratitud,,Positive,Worse,No,Feo--olor a azufre,"Blanca (agua horchata), otras dias agua de tamarindo","Nunca ha probado, por acidente sabe a tierra",Esta fea,Si es buen servicio,"Ha escuchado que en otros lados ni llega. Ha estado en lugares donde esta limpia, no sabe"
422,satisfaccion,,Positive,Better,No,No tiene,Amarilla,No la he probado,Esta sucia,"Si tengo agua en casa, no siento anguista",En donde yo vivo es Better porque es un edificio con una cisterna que abastece los 20 deptos. Pero afuera es pero
,,,,,,,,,,,
423,miedo,,Negative,Worse,No,A cano -- viene Worse cuando hay mas escasez,amarillo turbio -- ajolotes pequenitos se mueven,"no la beben --lavar dientes si, amarga a veces a cloro",,"Cuando escasea. Rara vez dejan toma abierta haste 4 pm -- da gusto! Si no, tiene que lava cobijan en lavaderia","Antes en Cuautemoc --agua salia clarita, usaba para lavar alimentos. Cree que aqui escasea porque es mucha poblacion"
424,alivio,,Positive,Better,No,trerroso,"cafe, cloro",no la he probado,Porque sale sucia o con sedimento o turbia,"Porque en comparacion a otros lados donde no llega de plano el agua, esta Better aqui",Se que ha lugares donde de plano no tienen entonces creo que tener agua es un alivio
425,feliz,,Positive,Same,Si,,,no tiene,"No viene con bichitos, no viene sucia. No beben agua de la llave porque cisterna y tinaco no esta suficientemente por limpia.",,Otra gente que no se queja lava bien
426,enojo,,Negative,Same,Si,A cano,Amarilla o cafe,Siento el olor a coladera,En la calidad no confianos. Sale con tierra. Porque si llega y con la cisterna no hace falta,Por el color y olor del agua,Les llega Same sucia
427,Preocupacion,,Negative,Worse,No,claro,tierra,normal,A veces viene sucia--no la beben,De que no llegue,No sabe (problemas cognativos)
428,enojo,,Negative,Same,Si,No,Amarilla,No la hemos probado,POrque no nos llegan tan sucia,"De que no llega el agua, no podemos llenar o almacenos suficiente agua",
429,frustracion,,Negative,Better,No,cano (a veces),amarilla,no se,Porque en la manana que llega con presion llega sucia con basura,Porque no sabes que dias te van a quitar el agua,No se. Pero es frustrante que haya en algunas partes y en otras no.
331,gratitud,,Positive,Better,No,No,Opaca,No la consumen,Sucia,No les falta,Mama ha vivido en colonias sin agua. Otros dicen que huele a cano. Tuberia es diferente?
331,alivio,,Positive,,,,,,,,
332,enojo,,Negative,Same,No,Cloro o lodo podrido,Amarilla (un poco) cloro--trae basurita,a veces sabe a cloro--quede olor en trastes y ropa. Nunca ha bebido,"Sucia a veces, huele a cloro",Miedo que no caiga. Enojo: vecinos tiran el agua--le da mucho enojo,
332,miedo,,Negative,,,,,,,,
333,frustracion,,Negative,Same,No,Fierro/metal oxidado; cano,Cafe/amarillo,No la han probado,El agua de la pipa esta usable,Por las cosas que no puede hacer,Se debe a la distancia (no sabe)
334,Impotencia,,Negative,Worse,No,Huele a coladera,"Amarillento, trae residuos (tierra)",No la ha probado,"No confia en el garrafon de purificadora, hierve el agua de garrafon",Elta es de oaxaca y ahi hay agua abundante y aqui no tiene esa calidad y cantidad de agua.,"A la administracion del recurso, por el mantenimiento"
335,enojo,,Negative,Worse,No,Huevo,"Amarillente, tierrosa, apestosa",Fea--como a cloro,Sucia,"Enojo--hijos son delicados. Hija tiene hongo en piel--medica dice que agua. Dermatologa recomiendo vinagre, por eso usa vinagre. Tristeza por calidad.",Amistades de otras colonias--no tienen ese problema. Dicen que llega limpia. No sabe porque.
335,tristeza,,Negative,,,,,,,,
336,satisfaccion,,Positive,Better,Si,No,"Tierra, medio negra",No sabe,"Calidad si le da confianza. Confian en que si la llega, gente ca a checar medidos--delegacion. A veces normal o a veces tierra, medio negra",,"Llega bien. En otros lados estan sin agua--falta de llago, malor mediante. (No entiende preguntas). A todos les cae el agua."
337,alivio,,Positive,Worse,No,Caladera,Amarillemente,"Apestoso, Lava dientes--agua garrafon y lava cara con garrafon",Muy sucia,"Aunque sea poca, tiene todos los dias.","En otros lugares, delgacion, reciben Better agua--Tlalpan por ejemplo. Quizan por altura. Alla mas alto, mas limpia. Quizan usan otras cosa para filtrarla."
338,Preocupacion,,Negative,Same,No,,Negra o cafe,No la han tomado--a veces solamente,"Dice que no esta 100% limpia. Gente comenta. En ocasiones cuando no cae, llego cae con olor, paricide a fruta cuando se echa a perdes.",Le da cosa pensar. Servicio que reciben hoy--Same. Por pensar que el agua es muy necesaria. Como humanos y necesidades de casa.,
338,frustracion,,Negative,,,,,,,,
339,enojo,,Negative,Same,No,"a veces mucho cloro, o como a huevo","Con tierra, amarilla a veces",No la bebe,A reciben sucia--y ceces a la semana,A veces sucia--tiene que poner calcetin para colarla,
340,Preocupacion,,Negative,Same,No,"Huevo, podrido",Amarilla,Nunca la han probado,Porque huele feo,De que se queden sin agua,No ve diferencia
341,Preocupacion,,Negative,Better,No,a estancado,Transparente,"Sabe ""rara"" como si estuviera mucho tiempo enbotellada",Porque no viene limpia--tiene tierra/basura no es apta para tomar,De que tengan agua por lo menos para el bano,Siento que es por los drenajes que no les dan manteimiento
342,frustracion,,Negative,Better,No,"Cano, caladera","Cafe, tierra, o amarillenta",Nunca le probado,"Viene con tierra, a veces",,Tiene prima que tiene Worse calidad a veces 3 veces por semana. Ni idea
343,tristeza,,Negative,Same,No,"Feo, cano, cuando algo se esta hechando a perder, gusanitos cafe delgaditos, se mueren por eso usan calcetin.",Cafecita,No toman,"Sucia. Para lavar trastes y ropa si, para cocinar o beber no.",,
344,Preocupacion,,Negative,Better,No,No,Cafe,,"Llega sucia, con basura",De repente es preocupacion de que no llegue,No sabe
345,tristeza,,Negative,Worse,No,Choqura,Verde,,Porque llega sucia,Si tiene una cita no podria ir porque no hay agua para banarse,"Por la zona. ""Hay zonas que tienen dinero y es donde mandan la Better agua"""
346,enojo,,Negative,Worse,Si,No,Amarillenta,No toman--ahi no confian,Viene limpia. No es daria le piel o caiga pelo,"Porque cae poca, o deja de caer y no sabe por cuanto",En cuanto a calidad--lo mismo (Worse). En otros lados (col del valle) esta falta de agua
347,Preocupacion,,Negative,Worse,No,"Cano, fierro",Cafe,Sabe a fierro (oxido huele mal),"Porque el primer ""chorro"" de agua sucio-con tierra",Porque no llegue,Por la sobrepoblacion
348,miedo,,Negative,Better,Si,No tiene ,Transparente,Niguno,Porque es suficiente,A que no llegue el agua,"Hay colonias donde no hay nada de agua, no se porque o tienen agua"
349,Angustia,,Negative,Same,No,"Drenaje, coladera",Negra a veces,Nunca probado,"Sucia, con telas negras, baboso, moho. A veces negra, como si drenaje lodo.",Que vamos a hacer sin agua,
350,miedo,,Negative,Worse,No,Drenaje,Cafe,No la hemos probado,Sale sucia con tierra,"Miedo que no tengamos agua para cocinar, el bano, para mis hijas. Hierno el agua que ultizo para la cocina: lavar la comida.","Creo que en esta colonia puede ser agua tratada, hace anos cuando yo era nina el agua no olia mal"
351,Preocupacion,,Negative,NA,No,No,Oscuro,"Muy degradable, a tierra",Sale color oscuro o contaminada--tierra,Ha quedado sin agua y es importante! Mantenerse hidatendos,
352,Preocupacion,,Negative,Same,No,"Huevo, revuelto","Cafe - negro, con tierra",Mi hija dice que sabe feo,,De que nos quedemos sin agua,Creo que cierran llaves y leran con el agua.
353,Preocupacion,,Negative,Better,Si,Niguno,Niguno,Niguno,,"De que no podamos tener agua, que no llegue el agua. O que no tegamos forma de almacenarla","Creo que hay colonias donde no reciben nada de agua, y no entiendo porque sucede eso."
354,Preocupacion,,Negative,Worse,No,En la noche a cano,Amarilla,"No la usan--una vez tomo amiga --asi como entro, salio",En una ocasion--gusanos rejos. Luego de corte--tierra y gusanos,Preocupacion por calidad. Frustracion que no poder hacer nada para que llegue Better,"No sabe, sera por clarificacion de delgacion--esta zona tiene pama de ""ahi"" hay pura gente mala de estadods soasecion bajo"""
354,frustracion,,Negative,,,,,,,,
355,Preocupacion,,Negative,Worse,No,Drenaje,amarilla,tierra,"Sucia, gusanitos, toallas blancas--banarse, toallas sucias. Antes lavaban tinaco-cisterna seguido, ya no--culpa encargo",Porque tendrian que acarrear cubeta--aporter agua es dificil porque trabajan . Tener agua en case -- es bueno--se pone babosa.,Donde trabaja agua esta clarita. No sabe // esposo: cosa de clase social
356,satisfaccion,,Positive,Worse,No,No,"Turbia blanca, cuando empieza a caer",Sabe a tierra. Ella dice que su hijo la probo. Ella se rie porque dice que esa agua no es para tomar.,En la casa de su mama se tapo el filtro en un dia. Trae mucha tierra,"No les falta el agua, la cisterna siempre esta llena","Porque el agua es de un deposito y de otros lugares en donde esta limpia, es de un pozo"
357,alivio,,Positive,Same,No,No,tamarindo," No sabe, nunca probaria. Sabe horrible","No cocina, no beber. Se ve sucia",Tranquilidad no porque Same tiene que filtrarla. Alivio por tener.,
358,Preocupacion,,Negative,Same,No,"Malo, a estancado","Oscura y lodo o basura, tierrosa, con papel o basura",No han probado,Sucia,,"Hubo un tiempo que se podia tomar--muchos anos. Depende del lugar, de la temporada. A veces otras zonas no tienen, a veces sale limpio. Falta de mantenimiento, no tienen buena cordinacion--en algunos si mantienen--SAXMEC con agua, gobierno--nadie respende."
358,enojo,,Negative,,,,,,,,
358,miedo,,Negative,,,,,,,,
358,frustracion,,Negative,,,,,,,,
358,insatisfaccion,,Negative,,,,,,,,
358,anticipacion,,Neutral,,,,,,,,
359,satisfaccion,,Positive,Better,No,No,cafe--3 minutos,"""normal""","No la tomaria, porque no viene filtrada. Cuando el agua se va y regresa, deja correr el agua hasta que salia limpia. En el anterior tambien 10 veces a ano en el coctual domincilo.","Si porque no le falta. Se tuviera Better calidad, estaria Better",Considera que es por la cantidad de dinero que haya en las colonia y delegaciones.
360,satisfaccion,,Positive,Better,Si,No,Transparente,"No la beben, porque no confia. ","Sale transparente, no tiene mal odor, llega bien. Si usa para todo menos cocinar y beber. Lavar verdura si, anada cloro. ",Porque escucha que en otros lados llevan dia sin agua,"Pero Worse que en Queretaro. Porque no falta, lleva bien. No sabe porque"
410,Preocupacion,,Negative,Better,No,lodo,cafe,no,Viene muy sucia. Lavan muy seguido los tinacos y cisterna.,Preoccupacion porque no hay con que lavar los trastes o la ropa,No sabe
411,Preocupacion,,Negative,Same,No,"fea, a podrido","cafe, chocolate, tierroso ---50% del tiempo","no ha probado, cuando usa para dientes--un sabor malo",Sucia,Se preocupado si manana va a tener,Similar a resto de CDMX. Colones no sabe
412,Preocupacion,,Negative,Same,No,no,"cafe, tierrita",no,"Sale muy sucia ""como agua de tamarindo"". Lavar trastes, ropa, bano, trapear bana a los gafos, banarse ela","Cuando falto, sintio preocupacion y esta ba pendiente de que llegara el agua","""Por lo menos aqui nos cae agua diario"". No sabe"
413,alivio,,Positive,Same,No,Cloro,"A veces cafe con tierra, mas comun que salgo limpia",no ha probado,"No confia para beberla. Trastes y ropa si le usan. Banarse, lavar verdura. Ropa sin filtro",,Porque no ha escuchado que sea diferente
414,satisfaccion,,Positive,Better,Si,no,amarilla o gris,no. No la ocupan cuando llega asi,Para lavar alimentos pero no para tomarla. Como 1 vez por ano les llega a caer sucia por escasez.,Satisfaccion y gratitud porque no le falta el agua,Por las tuberias que no alcanza a llevar agua a otros lados.
414,gratitud ,,Negative,,,,,,,,
415,enojo,,Negative,Same,No,"feo, podrido","lado, mayor parte del tiempo",no ha probado--ni para lavar los dientes,Sucia,Enojo para la calidad. Tranquila porque esta cayendo.,
415,tranquilidad,,Positive,,,,,,,,
416,miedo,,Negative,Same,No,tierra,cafe,"sabor ""raro"" diferente",Porque esta muy sucia,Miedo de que se vaya el agua,
417,desperacion,,Negative,Same,No,No,"cafe, con lodo",no ha probado. Una vez probo y sabia raro,Sucia,Desperacion le quita mas tiempo,
418,gratitud,,Positive,Better,Si,No,"Ligero, color beige",no tiene,"Porque ponemos filtros con las llaves, so filtros de plastico que no dejan pasar basura y tierra.",Gratitud porque se que en algunas partes escasea mucho el agua,"No se porque, varia mucho de una colonia a otro."
419,enojo,,Negative,Worse,No,"cano, a veces cloro","agua de tamarindo, care. Raro cuando llega clorita",No la toma. Sabor feo. Muy diferente a garrafon. Accidente nina al banarse la toma.,"Esta horrible, muy sucia",Coraje que sale muy sucia. Tua es el iljusco--limpia y se puede beber,"Ha visto en Gustavo Madero, Tlahuac--muy limpia. Estados de mexico--sucia o limpia. No sabe por que. INdios verdes limpie llegabe de acueducto. Aqui es de sistema de agua."
440,Preocupacion,,Negative,Worse,No,Feo drenaje,"animalitos, ajoletitos, cafe o verdecita. Basurita, tectica negra",No ha probado,Mayor parte--clarita,Preocupacion por falta de agua--en pemedada de la piel o falta de higiene. a veces siente que mica piel por agua.,"Forma de tratamiento. Cree que aqui no le hacen tratamiento. En otros se ve hasta azulita, limpia."
441,Preocupacion,,Negative,Same,No,apestosa,"gris, con tierra",Nunca ha probado. Accidente--sin sabor,Bebe juega en agua--salen con chitas en la piel. Cuando viene muy sucia,"Preocupacion luego no hay, ni 3 garrafones llenos--la de mitad.",Porque mama le cae bien sucia tb. Tios--ellos la toman en Chalco (miraflores). Cree que deberia ser Same (no conoce otros lados). No ha visto agua en otros lados. Stamantha-- sale sucia tb.
442,frustracion,,Negative,Worse,No,"A veces mal a coladera, drenaje",Bichitos: gusanitos rojos. Media amarillita,"No la toma, pero a veces se enjuga--sabe fea. Una vez tomo por accidente--dolor de panza.",Sucia pero no hay otro,Tristeza y frustracion porque no a todos les cae la misma agua. Quisiera tener siempre limpia.,No sabia. No sabe como cae. Ella cree que alla debe ser Better por furiota
442,tristeza,,Negative,,,,,,,,
443,frustracion,,Negative,Worse,No,no,"negra, sabadornacen puehacer-- primer chorro negro luego sale un poco Better. Siempre sucia","Nunca ha proado. 1 occasion pusieron filtro, supestamente podrian beber. Sabor era muy diferente se enfermana del estomago por beberla.",Muy sucia. Agua salia negra estaba de garrafon.,Frustracion porque no estan en casa solamente. Si no no tendrian. Ni tiempo para apartos.,Tias--texcoco y metro observacion. Agua no es Same. Casis nunca falta y si un poco sucia. No sabe. Siempre Iztapalapa ha tenido problema con agua muy que otras delegaciones.
444,frustracion,,Negative,Same,No,"huele feo, a podrido, azufrosa, huele Worse cuando reparan abajo a avienta amarilla// ropa blanca se ruinade",fea,"no toma desde que era nina--le gustaba. Antes se lavaba dientes con agua de llave, pero luego vio gusanitos--y dejaste de usar para dientes.",Agua purifacadora--nada es confiable. La coca la cloraban. Electropura que no era encasaba electropura,Frustracion le hace perrar en mala calidad. ,"Porque son mismas tuberias. No puede cambiar mucho. Estado de Mexico--blanca el agua, potable."
445,angustia,,Negative,Worse,No,"a veces feo, a lodo","tierra, opaca, turbia con animalitos cafe",nunca ha probado,Sucia. Ni tan clara ni tan sucia es mas comun,"angustia, estres porque ha faltado","En otros lados (Iztacalco tb.) esta tan clarita--Valle de Chalco.

Quien sabe. De donde venga el agua? Mantenimiento."
445,estres,,Negative,,,,,,,,
446,Preocupacion,,Negative,Worse,No,tierra,"amarilla con tierra. maromeros--larvas pequenitas (0.5 cm) dos callos de ancho--negros, se mueven","a tierra, a cloro no","Cae muy amarilla--hija (10 anos) alegria--granitos, manchas rojas. Medico le dieron pomada. Le dijieron que era el agua. Se bana en Veracruz y no para nada. Saben neutro. ",Preocupacion y miedo constante. Podria ser coraje (enojo),"Porque trabaja en insurgente sur--paciente-- ha pasado a bano y agua se ve clarita. 

No sabe. Quizas alla pagan el agua. Pozos de alla Better tratamiento."
446,enojo,,Negative,,,,,,,,
446,miedo,,Negative,,,,,,,,
447,molestia,,Negative,Worse,No,fea--echado a perder o mucho cloro,amarillenta con tierra,no ha probado--dientes--sabor jabonosa,Limpieza no. Mayor parte tiempo--amarillenta,"molestia, angustia de que no vaya a caer","Mas arriba--mas escasa y sucia. Mas centrico, Better calidad.

Menos economia reambios lo Worse. Altra y situacion economica."
447,angustia,,Negative,,,,,,,,
448,feliz,,Positive,Same,Si,no,"basurita, tierrita","No sabe, no ha probado.",Color del agua es claro--no para beber. A veces cae sucia. No es confiable. Mayor parte del tiempo cae clara.,Felicidad. Ha escuchado comentarios a algunoas personas les cae sola en las mananas.,San Rafel (nuestro reforma) calidad porcuido.
449,tranquilidad,,Positive,Worse,Si,no,"amarillo (solo si no ha lavado tinaco)--cuando se ascienta cae con tierra, espera para que separe",normal,Pasa por un filtro. No es para beberle pero sabe que no es danino. ,"Tranquilidad es muy diferente. Estan muy beneficados. Dentro del colonia no tienen agua a veces y en unidad si. Unidad militar, solo que trabajan para sedena o fabe.",Iztapalapa es la delegacion mas afectado en lugar de otras zonas mas privlegiadas. Tlalpan--estudia alla y siempre tienen agua.
361,Preocupacion,,Negative,Better,Si,A veces cano,"Cafe, tierrosa",,Viene bien. Mayor parte limpia. Dicen que la limpia (tuberia) u por eso llega sucia,Se podria quedar sin agua. Allegria porque cae.,"Trabaja en la gustano madero, le falta mucho en otros lados no ha estado. No sabe muy bien"
362,NA,,NA,Same,No,"Algunos lugares huele clorado --ej en utopia huele clorado -- al menos no estara. No huele mal, pero si tiene un olor particular",Amarillenta,No sabe. Si tomara agua tendia infecion atomacal,Aspecto. ,"Por un lado esta bien, no falta. Por otro, no le satesfaca la calidad",
363,Preocupacion,,Negative,Better,No,Agua sucia,Cafe con tierra,,"Porque no esta filtrada, probablamente haya dano","Preoccupacion o miedo. De su situacion actual y de lo que puede pasar, de que no llega el agua el dia de manana.","Por la zona, en cuanto a distancia, y por la cantidad de casas."
363,miedo,,Negative,,,,,,,,
364,enojo,,Negative,Worse,No,"A podrida a veces, como a lodo","Anaranjada, cafe",no toman,Sale muy sucia,"Estres despedicando el agua. Le de tristeza, coraje, ella tb. culpable. Por calidad corage (enojo). Molesta porque huele mal.","por tubas, quiere pensar, porque esta a la interpeie el agua"
364,tristeza,,Negative,,,,,,,,
364,estres,,Negative,,,,,,,,
365,alivio,,Positive,Same,Si,No,Negrita poco. Al inicio en mananas --bolitas negras,No sabe,"No sucia la usa para bano, limpia--ropa, dientes. A veces sale sucia, otras veces sale bien--La mayor parte del tiempo",Sabe que tiene. Pero puede pasar que en futuro no tenga.,
366,Preocupacion,,Negative,Worse,No,No,Con tierra,"No, no toman ni lavan dientes",Sucia,"Porque luego no cae, no sabe si si va a caer--incertidumbre. Tiene que banarse la familia, hacer de comer, etc","Ve que en otras hay mucha--su trabajo (cerca de la estrella--fabrica, tiene su propio filtro) ve que se desperdicia el agua. No venandan. "
367,alivio,,Positive,Worse,No,Podrido echado a perder,Amarillo y blanco,"No ha probado, pero supone que sabe a podrido. Sabor al lavor dientes no se ciente","Sale sucia, mal olor, agua salio con tierra
(Agua girfo--no se usa para cocincar)",Alivio puede hacer muchas cosas. Alivio de no preoucpacion,Drenaje? Cocinar en calle--coladeras en el Padregal el agua es muy diferente
368,alivio,,Positive,Same,Si,a cano cuando ningrosa,transparente,No nunca ha probado. Lava diente con garrafon,Que si cae limpia y tiene agua. No para beberla. No le convenle,,
369,Preocupacion,,Negative,Better,No,Feo a coladera,"Oscura con basurita, se crea babita. Como moho. Al dejarla caer ya empieza y salir mas clara, apartean en botes--perrito, patio a veces.",,Llega sucia,Preocupacion se quedan pensando que pasar si no hay agua,Aqui no es tan mala. A veces sucia pero se va limpia. Ha visto que en otros lados no hay. Aqui al menos 2-3 horas pero cae 
370,satisfaccion,,Positive,Better,NA,No,"Ahora transparente, cuando traen pipas--amarilla",No sabe,"Tiene que confiar, no alternativa. Pero a veces es complicado. De donde la traen? Es potable? Parea agua tratada, para riego, no confia si sirve para banarse y lavar traste.  ",Ahora no se puede quejar --La tranquilidad de que en cualquier momento puede usar. Tranquilidad ahora. Puede llegar a a la hora que quieran,"Cree que por estar en zona mas centrica. Colonia mas dejada tiene Worse calidad. Chalco, Tlahuac, Hilcalpa mas  rural. Aqui puede exigir delgacion. Alla le copran las pipas. Calidad mala y tienen que pagar."
370,tranquilidad,,Positive,,,,,,,,
371,frustracion,,Negative,Same,No,No,"Cafe, se ve agua revuelta, sucia. sedimento, tierrita",nunca la ha tomado,"Esporo dice --agua de ""popo"". Dice que no usan para lavar diente.","Angustia no sabe si habra agua, frustracion","San Luis-- pozo, Better"
371,angustia,,Negative,,,,,,,,
372,enojo,,Negative,Worse,No,,"Cafe, tiene basuritos",,,Enojo cuando usa que no cierran el agua (la llave) y se desperdicia,Es Better en relacion al campo pero Worse a otras colonias urbanas. Porque en la cuidad se tiene una atencion diferenciada y aqui en la cuidad depende de la administracion del gobierno. Ademas como ciudadanos no toma respectas las zonas.
373,alivio,,Positive,Same,No,Cuando sucia a cano,Como chocolate a veces ,No ha probado. Ni para dientes,"Trae papel, tierra -- cuanitos, pedacitos. Cuando viene limpia--llena tinaco (en piso) con manguera.",Alivio ya hicieron Betteras mas adelando.,"En el estado se ve Better, dependiendo zona--sale clara se puede beber"
374,Preocupacion,,Negative,Better,Si,No,Amarilla hasta transparente,,Solo para uso domestico,Muy preocupada porque se que a veces no va caer el agua,"No lo se, considero que la actual alcaldesa si nos considero a nosotros para tener agua suficiente"
375,enojo,,Negative,Same,No,NHo,Animalitos pequenos negros--no la usan para banarse ni  verdura ni lavar ropa etc. Solo para lavar trapos,No la toman no lava dientes,Sale bastante sucia--1 vez al mes,Coraje muy sucia y no hacen caro a delegacion no le imperia-- no han reclamado.,Tio vive por Zaragoza les cae muy feo
376,Preocupacion,,Negative,Same,No,,Amarillo,,,Preocupacion sobre todo cuando tarda mas de 15 dias en llegar.,
377,alivio,,Positive,Better,No,A veces. Lo es agradable,"Con gusanitos blanquitos, amarilla, basuritas, tierra (mucha)",Nunca,Sucia,,"Ni idea. Trabajadora de donde mandan o nosotros (tiramos basura, dsechos). Pero le gustaria que llegara Better."
378,Preocupacion,,Negative,Worse,No,Amarillo -- hasta cafe con tierra,No se,,Fetido,Preocupacion de que nos quedamos sin agua ,No se que se deba
379,Preocupacion,,Negative,Worse,No,A veces a estancada,"Gusantos, larvars negros, verde, casi siempre",No la ha probado,,Preocupacion penser que harian,"No sabe. En otros lugares esta limpia, hermana en San Vicente (Estado)."
380,miedo,,Negative,Better,No,,Transparente con tierra,,,Miedo de que nos dejar de poner agua,Creo que tiene que ver con quienes son los representates de nuestras territorales
381,satisfaccion,,Positive,Same,No,No,Tierra-amarillenta,No la ha probado,A veces,Satisfaccion cuentan con el agua necesario,No sabe bien como es en otra parte
382,Preocupacion,,Negative,Worse,No,No,"Amarilla, basuras",No se,,"Preocupacion, el hecho de no tener agua","Porque en otros lugares hay fuentes de agua limpia, aqui no"
383,Preocupacion,,Negative,Same,No,Huevo y descado. A veces a cloro,Amarilla,,,"Preocupacion cuando no nos cae a veces el agua, y es necesario",
384,gratitud,,Positive,Worse,No,"Indecepible, desagradable","Ambar, viene con tierra",Nunca ha probado,sucia,Gratitud por fortuna les llega,"No sabe, el di ella en un pueblo. Aqui sobresaturado y muy sucia. No hay educacion camina. Tia en tuyehualco--agua sale mas limpia."
385,Preocupacion,,Negative,Same,Si,Nunca,Nunca,,"Porque no tiene olor y color, no sabe a nada. El agua de los pipas si tiene olor a drenaje y color negro.","Preocupacion de que nos lleguemos a quedar sin agua, la necesitamos diario y sabor utilizarla no desperdiciada.",
386,alivio,,Positive,Worse,No,No,Oscura,No sabe,"No para consumo. No viene tan limpia. Si para limpieza, banarse",Alivio porque si les llega,"Llea mas limpia en otras alcaldias, no sabe cales. Porque en algunos lugares viene de otro lado, mas limpia."
387,gratitud,,Positive,Same,Si,Drenaje,Amarilla y verde,,Se la ve basura,"Gratitud porque en el tiempo que hemos estado no hemos sufrido mucho por el agua, gracias a la cisterna. ",
388,Preocupacion,,Negative,Worse,mas o menos,A veces lodo podrido,amarilla,No toman,No esta limpia,Preocupacion que pasa si no tienen o si llega Worse,"En otras alcaldias. Gustavo Madero -- suegra, agua todo el dia y blanca. No sabe si tenga que ver los politicos, quiza viene de otro pozo."
389,tristeza,,Negative,Worse,No,Cloro o a agua estancada,Amarilla cafe o con sedimento,Sin sabor,,"Trizteza que tengamos que lidiar con que no haya agua, y de que llegue en mal estado. En otros lugares se puede beber.",Porque creo que no le dan servicio de las tuberias y por eso nos la condonar.
430,enojo,,Negative,Worse,No,A perro mojado o lata oxidada,Amarillento,A cano,Porque esta muy sucia,Enojo porque no llega el agua y esta mu sucia,En colonias donde tienen dinero les dan prioridad que a las colonias donde no hay
431,enojo,,Negative,Worse,Si,Bien: cloro. Mal: drenaje,"Bien: transparente. Mal: verde, agua sanada",No se,Cuando sale bien,Enojo que no llegue el agua y no podemos lavar o banarnos,No se porque
437,estres,,Negative,Same,No,No ,Cafecita claro,Rara - no buena y amarga,"A veces, No para beber, sucia. ",,Ha estado en lugares donde es Same
432,tranquilidad,,Positive,Same,Si,No,"No, limpia",Same a garrafon,"No es cien por ciento potable, pero mayoria tiempo sale limpia. Ropa, jugetes. Excepto hace 1 mes salian cafe (corten) - deno un por de semanas ",Tranquila porque ahora tiene,Depende de la casa (filtros). Todo es el mismo servicio publico
434,frustracion,,Negative,Worse,No,No,"Verdosa, hasta cafe como chocolate, primera que sale",No ha tomado nunca,Sale sucia. Siempre es verdosa,Frustracion porque no sabe cuando va a tener o no,Worse o Same (no se bebe). No tiene conductos limpias. Afecta a toda en CDMX por Same
435,tristeza,,Negative,Same,No,Feo a cano (luego de que la cortaran sobretodo--renegar ropa se apetuba).,Amarillenta,A metal,"Totalidad no - tiene un tio que toda su vida tomo de la llave --no debe ser tomarle sin filtro. No tenian garrafon. Si quedan sin agua de garrafon si le occupan. A veces sale limpia a totalidad, ahi la usan para cocinar.",Tristeza entiende a abuela. Dejar hijos y nietos han a podeces.,
436,frustracion,,Negative,Better,No,No,Negra (raro) - verde ,Nunca ha probado,Sucia,"Frustracion, esta lavando y de la nade de le cortura.",No ha escuchado queja en calidad. Gente - la usa de forma diferente o como venga.
438,estres,,Negative,Better,No,No,Amarilla o verdecita -- mayormente llega limpia,No toma,Sucia,estres porque no es suficiente,Lo que eschucha. No ha visto otros lugares. ES mas limpia porque viene mas limpia aqui cae mas agua que en otros paises.
439,tranquilidad,,Positive,Worse,No,No,"Cafe oscuro, amarilla, anienta: abajo hay tierra","Neutro, normal",Ultimante (cuando falto agua y regalacion) sucia. ,Tranquilidad por ahora,"En otras con Better economia- su ministro mas limpio que en otras. Coyocan, Sante Fe. Por economia. Cuida mas a las personas con mas economia. Oalse tantos en una colonia la tiran como salga."
440,Preocupacion,,Negative,Worse,No,"Feo, drenaje","Animalitos, ajoletitos, cafe o verdecita, basurita, tecita negra, mayor parte clarita",No ha probado,Mayor parte clarita,Preocupacion por falta de agua -- enfermedad de la piel o falta de higiene. A veces siente que mica piel por agua.,"Forma de tratamiento. Cree que aqui no le hacen tratamiento. En otros se ve hasta azuilita, limpia."
433,gratitud,,Positive,Better,Si,No,Clarita,Normal,"No para beber - banarse, trastes - se ve limpia. Cuando cae menos sale mas sucia.",Gratitud y alivio porque ahora es bueno,Hay colonias donde les falta mucho. Aqui no es tan encasa. No sabe por zona ?. Canal de Chalco - agua cerquita. En otras colonias hay poca agua y mucha gente.
433,alivio,,Positive,,,,,,,,
450,Estres,,Negative,Worse,No,No,Gris o cafe. A veces llega como con tierra,No la han probado.,A veces llega sucia,"Estres, se estiesa no poder hacer las cosas cuando quiere porque mueve sus horarios. ","Por los ductos, los cierran y luego hay marchas para que los abran. Les cortan el agua porque la desperdician mucha. "
451,feliz,,Positive,Same,No,Podrido a veces,"Agua de tamarindo, amarillenta","No bebe. Hijos por no subir a planta toman de la llave, dicen que no sabe a nada. No se han enfermado.",Sale como sucia. ,Felicidad de que no se la va el agua.,
453,tristeza,,Negative,Better,No,"Cano, gustosa",Verdosa con paltito. Oscura. 50% sale limpia,No ha probado nunca. No sabe. Solo hervida. No distingue diferencia en sabor,(No menciona calidad). Si no la pagan la cortan. Ella cree que no se deberia pagar ni por luz ni por agua.,"Tristeza y desperacion, el que disminua tanto les hace preguntarse si problema se intensificada.",En otros lados estan Worse -- Tlahuac. Chalco--Worse aqui. No sabe - por el gobierno - deberian ver que todas las alacaldias fueran buena pero con el agua mas no cobrar.
453,desperacion,,Negative,,,,,,,,
454,satisfaccion,,Positive,Better,Si,No,Cafe,No,"Les llega limpia. Hace un mes que les cerraron la toma de agua, salio sucia cuando la volvieron a abrir",Satisfaccion porque cree que tiene suficiente agua,Porque las bombas no tienen suficiente agua para abastecer y es responsibilidad del gobierno y de la gente
455,Preocupacion,,Negative,Same,mas o menos,No huele,"Agua de tamarindo, otra tiene tierra",Nunca ha probado,A veces cae sucia -- muy raro. En temporada de lluvia. ,Preocupacion cuando no cae. Ahora tranquilidad,Colonia cercanas
455,tranquilidad,,Positive,,,,,,,,
456,enojo,,Negative,Same,No,No,Cafe,No sabe,Porque a veces sale negra. Es reciente empezo a salir asi con la falta de agua.,"Enojo y incertidumbre porque ya no descansa, se levanta mas temprano para juntar agua y despues irse a trabajar a las 6.",Dice que no existe diferencia
456,incertidumbre,,Negative,,,,,,,,
457,frustracion,,Negative,Worse,No,No,"Amarilla, mayoria del tiempo",Sin sabor -- parecide a garrafon,Buen filtro en tinaco--Betterar un poco. Los limpian cada 6 meses.,Frustracion por calidad. Bien porque llega,"Centro es mas limpia! Trabaja ahi. Quiza por palacio de gobierno, zona mas adrienada, discriminacion"
458,tristeza,,Negative,Worse,No,Cano,"Transparente, sale con tierra",A cano,Luego sale con tierra,Tristeza por el futuro sin agua. Mucha gente la desperdicia,"No sabe, no se le ocurre nada"
459,alivio,,Positive,Same,No,No,Cafecita,NO ha probado,"No en calidad, sale sucia. ",Alivio y tranquilidad porque si tienen suficiente,"Aztapolzalco, Miguel Hidalgo -- misma calidad"
459,tranquilidad,,Positive,,,,,,,,
452,Preocupacion,,Negative,Better,No,No,Cafe,No la ha probado,Luego sale sucia,Enojo y preocupacion porque no le parece bien la falta de agua porque no van a poder hacer muchas cosas.,"Donde vive su tia no hay agua. Originalmente dice ""Same"""
452,enojo,,Negative,,,,,,,,
460,frustracion,,Negative,Worse,No,Como a fierro,"Cafe, no es transparente. A veces trae basurita",Nunca ha probado,Mayor parte del tiempo sale sucia,Frustracion porque hay que estar pendiente siempre,Centro--no tan sucia
461,Preocupacion,,Negative,Same,Si,"A veces huele. A huevo, echado a perder","Tierrosa, cafe, con gusanitos rosados/rojitos",No la ha tomado. Dientes - sin sabor/,"Esta limpia, no para beber. A veces sale sucia-- tuberias sucios. Hasta con gusanitos -- puede ser por cisterna de agua. No bebe de la llave. Mayor parte del tiempo - sucia.","Preocupacion cuando no cae, o van a pedir pipa y no hay.",No conoce otras alcaldias o colonias
462,alivio,,Positive,Worse,No,No,"Amarilla, tamarindo, basura -- hojitas",No tiene sabor,Sucia. Mayor tiempo esta sucia. Nunca llega limpia.,Tristeza por calidad. Alivio porque tiene.,"No conoce en CDMX, el estado - sale limpia. No sabe de donde viene del estado. De aca es del Cutzamala. Imagine que en otras alcaldias es parecido "
462,tristeza,,Negative,,,,,,,,
463,tranquilidad,,Positive,Same,Si,,Como con tierra o lodo,,Solo para lavar. Porque esta limpia. Aunque a veces no le llega sucia,Tranquilidad porque ahora si tiene agua. Hay ocasiones en que no llega en todo el dia.,
464,satisfaccion,,Positive,Better,No,No,Tierrita,"No toma, sabor cloro","Es agua potable pero no lo suficientemente filtrada, mayormente cae limpia.",Satisfaccion porque nunca falta porque tb han vivido la falta,Conocidos o companeros por lo que dicen ellos. No sabe a que se deba. (Prompted): piensa que puede ser por tuberias
465,estres,,Negative,Same,No,,,,"Porque esta sucia. Le llega bien siempre. Cuando hay cenes le llega sucia, como cafe o amarilla.","Estresante saber si va a haber o no o si va a llegar o no, etc. ","No llega bien, por completo, pero tampoco tan mal."
466,tranquilidad,,Positive,Same,No,No,Sucia con tierra,Tierra,"Sale negra -- manana: luego de que se va. Antes de eso, siempre limpia. Mayormente limpia",Bien porque cae y tranquilidad,Ha escuchado que en otros lados sale Worse - colonia Vecina
466,bueno,,Positive,,,,,,,,
467,estres,,Negative,Same,mas o menos,,"Ahora le llega un poco Better, pero a veces le llega amarilla (2 veces a la semana) esa agua la usa por el bano y la mas limpia para banarse o lavor.","A veces cuando no tiene agua purificada la bebe, solo si esta mas limpia",A veces. El mes anteno el agua le llego negra. Para banarse servia.,Le estresa porque no tiene certeza de que llegara o llegara en buenas concluciones,
468,tranquilidad,,Positive,Better,Si,Normal,Normal,A ella se le hace Same al garrafon,"No le cae negra, ni sucia, ni olorosa. Cuando lavan drenaje y sale con tierrita, tardaron 3 o 4 meses. Solo una occacion",Tranquilidad de saber que tiene,En otros lados cae Worse -- Tlahuac. Es mas sucio ese lado -- alla tiran mas basura que aqui.
469,Bonito,,Positive,Same,No,Como a huevo podrido,"A veces muy oscura parece ""tamarindo"" -- cada 2 meses le llega asi y casi siempre le llega amarilla",,,"Setimiento ""bonito"" porque no esta en una situacion donde no tenga agua",
470,tranquilidad,,Positive,Better,No,Espinaca babosa,Amarillita o color tierra,A echado a perder tinaco y cisterna -- lavan cada mes chorrito de cloro -- participante mas frequente o hermano o mama. ,"Sucia, con piedras parece lodo -- semana en que cayo sucia solo, mayor parte del tiempo sale sucia, usaron para bano.",,"No van tan lejos, no tiene referencias. Escuela tiene agua limpia. No la habia pensado. Otras colonias. No sabe"
471,tristeza,,Negative,Worse,No,Como agua de drenaje,"Sale muy sucia, cafe como agua de tamarindo -- la usan para el bano o llenan un bote y dejan que se asiente la tierra y con eso la lavan los trastes.",,Ya como a las 10 am le sale agua mas limpia. Pero ya es solo 1 hora. Si se banan con ella les de comezon.,Tristeza porque se disminuye el agua y le preocupan las sig. generaciones,"Dice que antes llegaba mas agua. Ahora hay un problema, pues hay pipas ""robando"" agua en Canal de Chalco (muy cerca de aqui)"
472,Preocupacion,,Negative,Same,No,No,"Tamrindo, tierra",No sabe,"Cuando falta mucho tiempo llega sucia. Antes de eso siempre llego limpia, no la bebian eso si por costumbre forman garrafon. No se atreveria a tomar de la llave  ",Tranquilidad porque hay pero Same le preocupe,En todas las colonias llega del misma lugar
472,tranquilidad,,Positive,,,,,,,,
473,tranquilidad,,Positive,Same,Si,No tiene,,,Es de bueno calidad por decirlo de alguno manera,,
474,tranquilidad,,Positive,Better,Si,A humedad muy desagradable,"agua con cafe, oscura",No - le da cora. Nunca ha probado. ,"Al menos intentan darla bien -- gobierno si cumplieron en resolver el problema. 
No -- sucia -- solo para bano y plantas. Mayoria del tiempo - limpia.",,Amigos cuentan que en otros lados sale sucio. Nopalera
475,feo,,Negative,Same,No,Huele a caneria,A veces es como color chocolate,"Da comezon, una sensacion de pecazon","Porque sale sucia, hasta para banarte",Feo como que se siente marginada porque no tiene agua. Como si fuese de una clase social diferente a la que no le dan agua.,
475,marginada,,Negative,,,,,,,,
476,Preocupacion,,Negative,Better,No,No,"Lodo, solo cuando sucia. Solo cuando le falto en feb-mar-abril",Nunca ha probado - sabe Same a garrafon,Dice que esta fea. No es muy buena calidad -- notica (habia un cuerpo),Preocupacion que no se vaya a lo. Felicidad cuando llega,No sabe. No es de los Worsees. Valle de San Corenzo - mas sucia. Tlahuac - fea.
476,feliz,,Positive,,,,,,,,
477,enojo,,Negative,Worse,No,No,"Amarillento, cafe",Cuando se bana con ella le salen ranchas.,,Coraje y tristeza porque no tienen agua,"Dice que hay otros lugares donde llega menos agua y es de Worse calidad, quiza porque por naturaleza hay sequa en un lado que en otro cambiarse de casa fue un detenante para que ella se fuera a otra alcaldia. Porque ahora ya puede banarse despues del trabajo."
477,tristeza,,Negative,,,,,,,,
478,frustracion,,Negative,Same,No,Podrido,"Tamarindo, agua de horchata con basurita",Muy diferente a garrafon tierrosa ,Sucia. Mayor parte cae - sucia. ,"Cuando cae y alcanza a llenar - mas tranquila. Cuando no, frustrante. 2 ayer y hoy cayo bien. 1 dia anterior no cayo.","Hay escuchan colonias en misma situacion, otras alcaldias tb situacion parecida. Tlahuaplapela - cabello delegrito - mas ligera. Alla es Better. Aqui se bana - cabello esponjado, grueno - tierrosa. Worse respecto aqui es cae todo el dia todos los dias."
478,tranquilidad,,Positive,,,,,,,,
479,Preocupacion,,Negative,Same,No,No,"Amarillenta, tierrosa",A tierrita,"Para beber no - sucia. Para otras cosas - solo si no es para consumo - trastes y ropa tiene cloro o jabon, al banarte la hierven primero (estufa en bano) - matan bacterias. La mayor parte - sucia.",Preocupacion de miertudumbre - de no saber cuando cae. Cambiar horarios o planen para llenar si sale quiza no cae el agua.,Miravalle - escasea mucho y sale feo. En estado - mas clarita. Cree que en Centro sale Same.
480,Preocupacion,,Negative,Worse,No,Agua podrido,"Tierra cabellos, basura, salio un raton de la llave, como se mutia a cisterna? . Transparente",No la toman no sabe,Sucia. ? Mayor parte del tiempo -- cien por ciento limpia no 50 y 50.,Cuando falta - preocuacion. Alivio porque tiene ahora,"En el estado esta muy limpia, no sabe de otras alcaldias. Cujamana - muy limpia. Deberia no sabe. Ahi hay rios quizas por eso sale mas limpia. Por el suelo quizas, de donde sale etc."
480,alivio,,Positive,,,,,,,,
481,frustracion,,Negative,Same,No,A coladera (no sabe si cisterna o agua),"Tierra, se ve oscura","Coladera, no siempre",A veces tiene mucha basura lavan los dientes con esa agua. Mayor parte del tiempo - sucia.,Las personsa que usan demasiado agua pudiendo usar menos.,No conoce agua de otras alcaldias. Imagine que es Same. En el centro estados menos sucia (llegaba siempre) quien sabe por aqui.
482,satisfaccion,,Positive,Worse,No,No,"Cuando huele, agua a las 5 - viene sucia. Dejan correr un rato y ya Bettera",Mas dulce que de garrafon,Mayor parte del tiempo - limpia. Lavadora de la mama se tapa cada con cargas. A veces llega arenosa. Ultimos 10 anos ha venido mas limpia - tenian que colorla para lavar verduras. Hace unos 6 anos les llegaba casi con plastico - muy delgado. ,,"Benito Juarez - viene clorada. Alla le orde las ojos en ducha. Aqui nigun problema. Aqui le da comezon en la piel lugo de banarse. Si no se echa. Coyocan hasta toman de llave - le cuentan no ha visto por si misma. Hace 5 anos llegaba aunque rosa - con olor, como olor a pescaderia. Diferencia en calidad - le ponen mas atencion porque tienen mas recursos -- gente presionan para que hagan mantencion. "
482,tranquilidad,,Positive,,,,,,,,
483,frustracion,,Negative,Worse,No,No,Amarilla,No la ha probada - no sabe,Limpieza? No. Nunca se ve transparente. Mayor parte del tiempo sale sucia,Tranquilidad se normalizo. Encanez: frustracion y angustia. No puede hacer nada.,"Ha ido a casas de tias en la Benito Juarez, Coyoacan -- toman de la llave. Se ve diferente. No sabe. Sera porque alcaldia, aqui no esta al pendiente de no"
483,tranquilidad,,Positive,,,,,,,,
483,angustia,,Negative,,,,,,,,
484,satisfaccion,,Positive,Worse,No,A pescado,Amarillo con tierra,Audo (al banarse) - siempre encuentra sabor en agua,Sucia. Mayor parte del tiempo,Satisfaccion ahorita. Abril: angustia podia quedar sin agua,"Porque llega sucia, color extrano, ect. Va Huatlmoc - calidad un poco Better. A lo Better no hay buen mantemiento. No estan al perdiente."
484,angustia,,Negative,,,,,,,,
485,Preocupacion,,Negative,Better,No,Metal,Cafe,Sabe como a fierro,Larvas en el tinaco. Cae cafe. Le prohibieron agua de la llave para lavar mamilas del bebs. Su bebe: virus / vomito y diarea.,"Preocupacion por la economia, por no poder estar comprando garrafones","Sucia, pero nos cae poquita. Porque se esta acabando el agua. El gobierno hace todo esto"
486,tranquilidad,,Positive,Worse,Si,"Cloro , normalmente",Cafe,Clorada,Si limpian drenaje - hace trabajo bien. Cuando cae de pipa - muy sucia. El resto sale limpia. Quita el agua para que suficiente.,Una de las hermanas es muy estricta.,Hay otras que son potables - Miguel Hidalgo. Agua mas tratada por gente que vive alla. Iztapalapa mandan agua de no tan buena calidad. Por zona - aqui hay muchos poblacion. No tienen tanto presupesto.
486,bueno,,Positive,,,,,,,,
487,Preocupacion,,Negative,Better,No,No,Amarilla,No,,Preocupacion de que no llega,No sabe a que se debe
488,enojo,,Negative,Same,No,"Feo, mala, podrido, a pantano",Cafe,No la ha probado - sabe fea (al banarse) a tierra,A veces cae muy sucia. La mayor parte del tiempo - limpia.,"Enojo porque sucia. No puede banarse ahi - gusanitos, agua de garrafon.",Porque colonias alrededor tienen mismo problema. Fuere Iztapala no sabe.
489,alivio,,Positive,Better,No,Cloro,En escasez es amarilla. Ahorita es cristalina,Sabia a lo que olia como apestoso - cano,"Hace 15 ano si la tomaban, veria muy clara",Alivio porque tiene agua. En otras colonias no tenian,Comparado Santo Domindo (CoVo). El agua ahi es muy sucia. No sabe
490,tranquilidad,,Positive,Same,No,"Apestoso, echado a perder",Amarilla o verde. Como atole negra,No bebe. Ha sentido que es amarga,Sucia. Mayor parte del tiempo cae inicialmente siempre llega un poquito sucia y luego se aedara,Tranquila por ahora cae poca pero diario,Cambia si es mucho poco o nada. En la misma agua que corre por todos lados. No conoce agua en otras partes.
491,Preocupacion,,Negative,Better,No,No,Amarilla,No,Mayor parte sale clarita. De pipa tb venia amarilla. A veces piensan que puede ser tinaco o cisterna,"preocupacion cuando mas falta, mas se le antoja sin agua no se hace nada.","Ha oido que en otras llega con olor o mas amarilla. Ha oido que en Iztapalapa llega fea, pero si se puede usar. La conchita capenas se ella descanso llado. Fam de escanos recursos lluege Worse. Por las zonas. Hay personas que no se quejan en tal de tener agua. Lo ultimo que le llega y por eso va con Worse calidad."
492,Preocupacion,,Negative,Better,Si,"Clorasol, este mes fue mas fuerte",Amarilla basurita,Mas intenso a metal,Para act. diaria pero no para tomarla. Mayor parte cae limpia.,Felicidad. Abril = preocupacion,"Aqui es buena. Otras colonias es mas escasa. Huele a coladera (Valle de San Lorenzo, Itzahuaacoyotl, Tlapan) Worse que aqui (por olor). Estructura de tubos, coneciones, o limpieza, mantenmiento."
492,feliz,,Positive,,,,,,,,
493,enojo,,Negative,Worse,No,"Mal olor. A pecera, agua reservada a veces",Amarilla - solo a veces,No la toma. Al lavarse dientes no ha sentido.,"A veces cae totalmente ""blanca"" (in colorea)",Enojo por calidad que es mala. Satisfaccion porque tiene,Coyoacan no muy lejos y calidad de alla Better. En Xochiamalco tambien. Santa Marta - cae color chocolate. La suya en intermedia. No lo sabe. Por estatus socioeconomico
493,satisfaccion,,Positive,,,,,,,,
494,tranquilidad,,Positive,Worse,Si,No,Amarillita con tierra,No sabe,Se puede usar para banarte y lavar trastes. No para beber. Mayor parte del tiempo limpia (no para tomar),,"Porque no escuche que se quejen. Hay otras Betteres - donde hay mas dinero (ella cree, no ha visto). Pero poco. Por mas recursos."
494,relajada,,Positive,,,,,,,,
495,miedo,,Negative,Same,No,No,Amarila,"No quizar porque ya paso por filtro del tinaco, no la bebe.",A veces sale muy sucia. Filtro del tinaco sale con moho verde. La de pipa sale verde y huele a agua sucia.,Miedo de no haber. Actual - tranquilos. Pero luego ya no se sabe. ,"Otras alcaldias. Tlahuac - Same o Worse. Iztalco que tambien Same. En mismo tratamiento, agua viene de 1 solo lado y por eso es Same."
495,tranquilidad,,Positive,,,,,,,,
495,tranquilidad,,Positive,,,,,,,,
496,tristeza,,Negative,Same,No,"Feo, a sucia de rio, agua puerca","turbio, se anienta y se hace arenita en tambo, como tierra",No,Viene sucia,Tristeza a veces porque se puede acabar,Originamente dice Worse pero final dice Same. Same: a diciendo porque no ha visto otros lados. Worse: Dicen que en otras colonias esta en querosa pero en la consta. Agua de antes era meor - mas clara y cristalina - no olia. Michoacan es Better. Solo conoce Iztapalpa. 
497,miedo,,Negative,Worse,No,No,"Cafe, agua de tamarindo. Gusanitos negros",No toman,Sucia. Mayor parte del tiempo sale sucia.,Miedo y estres porque se puede ir en cualquier momento,Tlahuac esta Better. Xochilmilco muy bueno agua. No es Same tratamiento.
497,estres,,Negative,,,,,,,,
